Sitka,57.1932,-135.3674,7433
Juneau,58.3729,-134.1784,7000
Wrangell,56.1808,-132.0268,6620
Anchorage,61.1743,-149.2843,4420
Greeley County,38.4804,-101.8060,2013
Jacksonville,30.3369,-81.6616,1935
Anaconda-Deer Lodge County,46.0947,-113.1416,1907
Butte-Silver Bow (balance),45.8962,-112.6601,1853
Willow,61.8870,-149.6202,1788
Healy,63.9598,-148.9704,1778
Houston,29.7857,-95.3888,1659
Oklahoma City,35.4671,-97.5137,1572
Deltana,63.7893,-145.3516,1472
Phoenix,33.5722,-112.0901,1342
San Antonio,29.4628,-98.5246,1292
Nashville,36.1718,-86.7850,1231
Los Angeles,34.0194,-118.4108,1218
Petersville,62.4535,-150.8841,1196
Mendeltna,62.1460,-146.7589,1167
Skwentna,61.8887,-151.2000,1135
Echols County,30.7140,-82.8974,1088
Suffolk,36.6972,-76.6348,1033
Buckeye,33.4316,-112.6416,1025
Prudhoe Bay,70.3659,-148.7498,1011
Valle,35.6752,-112.1529,963
Chistochina,62.5964,-144.9410,953
Indianapolis,39.7767,-86.1459,935
Fort Worth,32.7820,-97.3486,911
Dallas,32.7933,-96.7665,879
Chesapeake,36.6794,-76.3018,876
Pahrump,36.2240,-115.9967,851
San Diego,32.8304,-117.1209,844
Austin,30.2986,-97.7541,841
Trapper Creek,62.4154,-150.4078,828
Kansas City,39.1252,-94.5503,814
Charlotte,35.2090,-80.8310,808
Paxson,62.9756,-145.7583,787
Augusta-Richmond County,33.3655,-82.0734,782
Mentasta Lake,63.0112,-143.5607,778
New York,40.6627,-73.9387,778
Dot Lake,63.5872,-144.2923,763
Memphis,35.1092,-89.9685,750
Lexington,38.0407,-84.4583,735
Susitna North,62.1476,-149.7485,714
Livengood,65.4818,-148.4165,687
Louisville/Jefferson County,38.1654,-85.6474,680
El Paso,31.8478,-106.4311,670
Ugashik,57.6469,-156.9962,660
Slana,62.6024,-143.4519,654
Macon-Bibb County,32.8090,-83.6941,645
Cusseta-Chattahoochee County,32.3474,-84.7880,644
Central,65.5394,-144.4976,642
Virginia Beach,36.7795,-76.0291,633
Tucson,32.1530,-110.8708,629
Northway,63.0008,-141.5413,627
Glacier View,61.8481,-147.7726,601
Chicago,41.8370,-87.6849,589
Lake Minchumina,63.7898,-152.4623,587
Huntsville,34.6977,-86.6767,583
Owyhee,41.9280,-116.2122,581
Columbus,39.9855,-82.9856,574
Columbus,32.5102,-84.8749,560
Susitna,61.5403,-150.5879,559
Harding-Birch Lakes,64.3813,-146.5306,554
Boulder City,35.8438,-114.9116,549
Valdez,61.0813,-146.3049,548
Webster County,32.0467,-84.5538,543
Ninilchik,60.0623,-151.4016,536
California City,35.1466,-117.8693,527
Colorado Springs,38.8673,-104.7607,523
Tulsa,36.1279,-95.9023,512
Kenny Lake,61.6218,-144.8197,503
Goodyear,33.2540,-112.3665,495
Nelson Lagoon,55.8366,-161.6358,487
Albuquerque,35.1048,-106.6468,485
Eureka Roadhouse,61.9585,-147.1551,480
Scottsdale,33.6843,-111.8614,476
Hibbing,47.3959,-92.9465,471
Norman,35.2406,-97.3453,462
San Jose,37.2960,-121.8146,460
Peoria,33.7862,-112.3080,457
Denali Park,63.5732,-148.6741,457
Parks,35.2852,-111.9672,440
Rampart,65.4049,-149.9210,439
New Orleans,30.0534,-89.9345,439
Chase,62.4182,-149.9362,436
Elfin Cove,58.0877,-136.2883,436
Corpus Christi,27.7543,-97.1734,434
King Salmon,58.7257,-156.5360,433
Wichita,37.6906,-97.3458,427
Aurora,39.7095,-104.7205,425
Point MacKenzie,61.3427,-150.0485,420
Flat,62.4414,-158.0405,415
Nabesna,62.4961,-143.0078,415
Montgomery,32.3485,-86.2673,414
Tonsina,61.5309,-145.1109,411
Denver,39.7619,-104.8811,396
Sierra Vista,31.5654,-110.3145,394
Raleigh,35.8319,-78.6410,394
Alcan Border,62.7031,-141.1939,392
Georgetown-Quitman County,31.8629,-85.0048,391
Mobile,30.6682,-88.1079,390
Bakersfield,35.3532,-119.0379,389
McCarthy,61.4539,-142.8648,387
Fayetteville,35.0828,-78.9735,384
Birmingham,33.5272,-86.7970,380
Carson City,39.1531,-119.7474,374
Lubbock,33.5619,-101.8889,370
Omaha,41.2627,-96.0535,370
Vicksburg,33.7293,-113.8254,370
Canyon Lake,29.8758,-98.2612,369
Chattanooga,35.0660,-85.2484,368
Attu Station,52.8803,173.2561,368
Mesa,33.3994,-111.7160,367
Las Vegas,36.2335,-115.2640,367
Dry Creek,63.6266,-144.6392,363
Columbia,34.0405,-80.9061,360
Detroit,42.3830,-83.1022,359
Bunnell,29.4187,-81.3195,352
Bouse,33.8985,-113.9964,352
Atlanta,33.7629,-84.4227,350
Greensboro,36.0949,-79.8236,348
Philadelphia,40.0094,-75.1333,347
Winston-Salem,36.1029,-80.2608,346
Portland,45.5370,-122.6500,345
Tok,63.3293,-143.0378,344
Nikolski,53.0080,-168.7193,343
Minto,65.0887,-149.5921,341
Orlando,28.4728,-81.3202,335
Lynchburg  Moore County,35.2889,-86.3587,334
Lutak,59.4122,-135.5890,328
Fox River,59.8922,-151.0123,324
Kansas City,39.1225,-94.7418,323
Fernley,39.5648,-119.1894,317
Brownsville,25.9894,-97.4806,316
Marana,32.4659,-111.1354,315
Little Rock,34.7254,-92.3586,314
Yuma,32.5163,-114.5218,313
Henderson,36.0090,-115.0268,313
Big Sky,45.2564,-111.3320,310
Durham,35.9779,-78.8981,310
Hobart Bay,57.4178,-133.3066,309
Port St. Lucie,27.2806,-80.3883,308
Cantwell,63.4114,-148.7496,308
Athens-Clarke County,33.9496,-83.3701,301
Tuntutuliak,60.4103,-162.6694,300
Chicken,64.0877,-141.8283,300
Fresno,36.7827,-119.7934,300
Big Lake,61.5155,-149.9755,298
Charleston,32.8280,-79.9729,298
Glennallen,62.1475,-145.8359,298
Eloy,32.7413,-111.5940,297
Tampa,27.9701,-82.4797,296
Hartsville/Trousdale County,36.3930,-86.1567,296
Casa Grande,32.9068,-111.7634,295
Fort Wayne,41.0882,-85.1428,289
Jackson,32.3158,-90.2129,289
Salt Lake City,40.7769,-111.9310,287
Sierra Vista Southeast,31.4525,-110.2190,286
Surprise,33.6708,-112.4525,286
Savannah,32.0125,-81.1942,283
Reno,39.5491,-119.8499,283
Laredo,27.5604,-99.4892,282
Shreveport,32.4669,-93.7922,280
Abilene,32.4545,-99.7381,276
Cape Coral,26.6432,-81.9974,275
Amarillo,35.1999,-101.8302,274
Palmdale,34.5910,-118.1054,274
Circle,65.7904,-144.1960,274
Babbitt,47.6431,-91.9283,274
Lucerne Valley,34.4427,-116.9021,273
North Las Vegas,36.2899,-115.0892,272
Rio Rancho,35.2851,-106.6989,267
Tallahassee,30.4535,-84.2523,265
Lincoln,40.8103,-96.6749,265
Unalaska,53.9102,-166.5291,264
Smith Valley,38.7869,-119.3687,264
Black Forest,39.0636,-104.6796,260
Crooked Creek,61.7968,-158.0810,260
Yakutat,59.5636,-139.6062,259
Clarksville,36.5664,-87.3452,259
North Port,27.0582,-82.1980,257
St. Marys,41.4550,-78.5202,257
Beluga,61.1913,-151.1836,257
Nightmute,60.4624,-164.8346,255
Knoxville,35.9707,-83.9493,255
Amargosa Valley,36.5434,-116.4839,255
Sacramento,38.5677,-121.4682,255
Sleetmute,61.6545,-157.1025,253
Denton,33.2174,-97.1413,251
Palm Coast,29.5368,-81.2426,249
Milwaukee,43.0633,-87.9667,249
Arlington,32.7007,-97.1247,248
Palm Springs,33.8034,-116.5383,244
Lancaster,34.6936,-118.1753,244
Talkeetna,62.3095,-149.9239,244
Juniper Canyon,44.1998,-120.7467,243
Whetstone,31.7189,-110.2920,243
Steele Creek,64.9256,-147.4351,240
South Fulton,33.6357,-84.5834,240
Lehigh Acres,26.6127,-81.6388,240
Anchor Point,59.7637,-151.7022,237
Waco,31.5580,-97.1898,235
Dothan,31.2337,-85.4068,234
Happy Valley,59.8988,-151.5278,228
Cannon Ball,46.3237,-100.6294,228
South Naknek,58.6628,-156.9841,228
Des Moines,41.5726,-93.6102,228
Palm Bay,27.9548,-80.6650,224
Baton Rouge,30.4422,-91.1309,223
Boise City,43.5981,-116.2316,222
Goldstream,64.9422,-148.0273,222
Oak Ridge,35.9665,-84.2905,220
Chitina,61.5519,-144.1743,219
Sioux Falls,43.5407,-96.7320,218
Edmond,35.6738,-97.4131,218
Madison,43.0878,-89.4299,218
Seattle,47.6193,-122.3515,217
Coolidge,32.9336,-111.5236,216
Springfield,37.1942,-93.2926,215
Beaumont,30.0849,-94.1453,212
Knik River,61.4619,-149.0075,211
Durham,39.6294,-121.7908,211
Lawton,34.6172,-98.4214,211
Naknek,58.7880,-156.8731,210
Riverside,33.9381,-117.3932,210
Baltimore,39.3000,-76.6105,209
Toledo,41.6641,-83.5819,208
Jonesboro,35.8198,-90.6790,207
El Reno,35.5418,-97.9613,206
Chisana,62.1100,-142.0505,205
Ellsworth,44.5829,-68.4801,205
Caribou,46.8365,-67.9361,205
Tanacross,63.3287,-143.4866,204
Golden Valley,35.2061,-114.2328,203
Fremont,37.4945,-121.9411,202
Wiseman,67.4815,-150.1586,202
North Charleston,32.9179,-80.0650,201
Independence,39.0855,-94.3521,201
Cincinnati,39.1402,-84.5058,201
Cleveland,41.4785,-81.6794,201
Sterling,60.5391,-150.8123,201
St. George,37.0770,-113.5765,200
Mosquito Lake,59.4751,-136.1991,199
Apple Valley,34.5334,-117.2104,199
Las Cruces,32.3264,-106.7897,199
Lime Village,61.3304,-155.2381,198
Grand Prairie,32.6789,-97.0207,198
Midland,32.0246,-102.1135,197
Conroe,30.3287,-95.4846,196
San Tan Valley,33.1786,-111.5628,196
Presque Isle,46.6884,-67.9933,196
Port Arthur,29.9000,-93.8944,195
Meadow Lakes,61.6380,-149.6096,195
Overland Park,38.8890,-94.6906,194
Salcha,64.5341,-146.8836,194
Rome,43.2260,-75.4895,193
Cedar Rapids,41.9642,-91.6792,193
Wheatland,45.9624,-111.5770,192
Temple,31.1049,-97.3885,192
Slater,41.8776,-104.7887,191
Enid,36.4067,-97.8699,191
Victorville,34.5277,-117.3536,190
Manokotak,58.6975,-158.8937,190
Santa Clarita,34.4165,-118.5007,190
Knik-Fairview,61.5076,-149.6226,190
Hesperia,34.3970,-117.3152,188
Fort Valley,35.3227,-111.7398,187
Wichita Falls,33.9067,-98.5258,186
Hayfork,40.5759,-123.1236,186
Poinciana,28.1187,-81.4792,186
Plano,33.0508,-96.7479,185
Duluth,46.7745,-92.1341,185
Silver Springs,39.3835,-119.2146,185
Picture Rocks,32.3247,-111.2599,183
Cohoe,60.2670,-151.2981,182
Nikiski,60.7250,-151.2253,179
Kalifornsky,60.4534,-151.2203,178
Newport News,37.0761,-76.5220,178
Gilbert,33.3103,-111.7431,178
Spokane,47.6669,-117.4333,178
McKinney,33.2011,-96.6642,177
Frisco,33.1554,-96.8226,177
Vineland,39.4650,-74.9971,177
Rio Rancho Estates,35.3004,-106.7985,177
Sage,33.5941,-116.9104,176
Mountain Iron,47.5367,-92.6166,176
Tyonek,61.0994,-151.3389,176
Red Dog Mine,68.0469,-162.8721,176
Daytona Beach,29.1907,-81.0971,175
Columbia,38.9473,-92.3264,175
Tetlin,63.1818,-142.5045,175
Glendale,33.5331,-112.1899,174
Zionsville,39.9915,-86.3217,173
Crownpoint,35.7343,-108.1554,173
Chickaloon,61.8153,-148.2921,173
Wildwood,38.5771,-90.6678,173
Irving,32.8577,-96.9700,173
Healy Lake,64.0097,-144.6816,172
Lakeland,28.0555,-81.9548,172
Texas City,29.4337,-94.8927,171
Joliet,41.5169,-88.1480,171
Flagstaff,35.1852,-111.6207,171
Enterprise,36.0091,-115.2278,170
Akutan,54.1400,-165.7630,170
Badger,64.8058,-147.3931,170
Cooper Landing,60.4946,-149.8439,170
Chandler,33.2828,-111.8518,170
Irvine,33.6784,-117.7713,169
Show Low,34.2651,-110.0383,169
Rockford,42.2593,-89.0635,169
Fishhook,61.7312,-149.2836,168
Hollis,55.5155,-132.7019,168
Concord,35.3921,-80.6355,167
Murfreesboro,35.8539,-86.4212,167
Olathe,38.8820,-94.8201,167
Tupelo,34.2706,-88.7325,166
Gila Bend,32.9662,-112.7155,166
Ester,64.8791,-148.0411,166
Fort Smith,35.3493,-94.3709,166
Davenport,41.5568,-90.6039,166
Auburn,32.6071,-85.4910,166
Gainesville,29.6795,-82.3468,165
Concord,43.2325,-71.5613,165
Lee's Summit,38.9216,-94.3848,165
Midlothian,32.4682,-96.9907,165
Squaw Valley,36.7191,-119.2027,164
Arctic Village,68.1653,-145.4014,164
Ferry,64.0496,-148.9203,164
Stockton,37.9766,-121.3086,163
Rio Rico,31.4982,-110.9878,163
Broken Arrow,36.0365,-95.7810,163
Tuscaloosa,33.2344,-87.5283,163
Florence,33.0694,-111.4140,162
Chino Valley,34.7399,-112.4061,161
McAllen,26.2250,-98.2461,161
Lake Sumner,34.6236,-104.4022,161
Central,30.5593,-91.0355,161
Aleneva,58.0591,-152.9090,161
San Bernardino,34.1411,-117.2946,160
West Odessa,31.8382,-102.5001,160
Opelika,32.6607,-85.3789,160
Akron,41.0805,-81.5214,160
Topeka,39.0347,-95.6962,160
St. Petersburg,27.7627,-82.6441,160
St. Louis,38.6357,-90.2446,159
North Fork,34.0106,-109.9595,159
Waterloo,42.4923,-92.3519,159
Bray,34.6084,-97.8175,159
Louisville,38.2247,-85.7406,159
Cordova,60.5300,-145.6419,158
Berlin,44.4843,-71.2771,158
Springfield,39.7911,-89.6446,158
Washington,38.9042,-77.0165,158
Cary,35.7813,-78.8234,158
Sedan,45.9633,-110.8793,157
Tununak,60.6074,-165.1269,157
Gakona,62.3670,-145.3130,157
Newberry,29.6458,-82.5946,157
Urban Honolulu,21.3243,-157.8476,157
Hitchcock,29.2826,-95.0076,156
Hardeeville,32.2953,-81.0410,156
San Angelo,31.4411,-100.4505,155
Phelan,34.4398,-117.5248,155
Newcastle,35.2424,-97.5953,155
Barnstable Town,41.6615,-70.3570,155
Spring Hill,28.4792,-82.5297,155
Richmond,37.5314,-77.4760,155
St. George,30.3640,-91.0264,154
Inez,28.8763,-96.7909,154
Eufaula,31.9099,-85.1527,154
Redding,40.5703,-122.3668,154
Sioux City,42.4954,-96.3895,153
Bullhead City,35.1274,-114.5560,153
Auburn,44.0845,-70.2496,153
Palm Beach Gardens,26.8488,-80.1671,153
Jackson,35.6585,-88.8374,153
Chaparral,32.0443,-106.4061,152
Georgetown,30.6681,-97.6987,152
Twentynine Palms,34.1478,-116.0660,152
Lazy Mountain,61.6582,-148.9256,151
Mojave,35.0150,-118.1902,151
Wildwood,28.8058,-82.0073,150
Chattahoochee Hills,33.5811,-84.7459,150
Williamson,34.7083,-112.5337,150
Dolan Springs,35.5905,-114.2852,150
Tyler,32.3173,-95.3064,149
Hot Springs Village,34.6581,-92.9686,149
Sutton-Alpine,61.7414,-148.8742,149
Fellsmere,27.7212,-80.6099,149
High Point,35.9908,-79.9927,148
Paulden,34.8897,-112.4937,148
Pie Town,34.3404,-108.1766,148
Fort Collins,40.5482,-105.0648,148
Berry Creek,39.6318,-121.4056,147
Garland,32.9098,-96.6303,147
Pope-Vannoy Landing,59.5708,-154.4469,147
Rochester,44.0143,-92.4786,147
Edgewood,35.1313,-106.2202,147
Pueblo,38.2692,-104.6108,146
Harper,30.2660,-99.2728,146
Lafayette,30.2056,-92.0281,146
Excursion Inlet,58.4151,-135.3455,146
Fort Payne,34.4573,-85.6894,146
Longview,32.5202,-94.7611,145
Union City,35.3995,-97.9067,145
Olive Branch,34.9558,-89.8412,145
New River,33.8826,-112.0861,145
Sandy Valley,35.8421,-115.6305,145
Rapid City,44.0711,-103.2179,145
Oakland,37.7698,-122.2257,144
Karluk,57.5909,-154.3639,144
Hoyt Lakes,47.5716,-92.1083,144
Dayton,39.7847,-84.1996,144
Lake Louise,62.3016,-146.5402,144
Bryan,30.6660,-96.3810,144
Gulfport,30.4195,-89.0690,144
Lame Deer,45.6177,-106.6134,143
Spanish Springs,39.6550,-119.6688,143
Pittsburgh,40.4399,-79.9757,143
Thousand Oaks,34.1933,-118.8742,143
Augusta,44.3349,-69.7342,142
Albany,31.5781,-84.1762,142
Mountain View,19.5345,-155.1844,142
Gastonia,35.2490,-81.1848,142
Fayetteville,36.0715,-94.1666,141
Manley Hot Springs,65.0187,-150.6453,141
Killeen,31.0777,-97.7320,141
Decatur,34.5730,-86.9899,141
Minneapolis,44.9633,-93.2683,139
Fritz Creek,59.7659,-151.3052,139
Trego,48.6527,-114.9280,139
Alturas,27.8421,-81.6816,139
West Palm Beach,26.7451,-80.1270,139
Meridian,32.3842,-88.6894,139
Spring Creek,40.7441,-115.5980,138
Hilo,19.6887,-155.0829,138
Hattiesburg,31.3073,-89.3174,138
Estell Manor,39.3539,-74.7751,138
Norfolk,36.9230,-76.2446,137
Helena Valley Northeast,46.7066,-111.9388,137
Kingsport,36.5194,-82.5434,137
North Little Rock,34.7818,-92.2351,137
Caliente,37.6458,-114.4929,137
Reserve,45.8231,-91.3652,137
Central High,34.6143,-98.0886,137
Adelanto,34.5809,-117.4395,136
Bondurant,43.1949,-110.4026,136
Hurricane,37.1485,-113.3589,136
Cold Bay,55.2153,-162.7760,136
Santa Fe,35.6620,-105.9818,135
Bluffton,32.2144,-80.9295,135
Rosamond,34.8656,-118.2148,134
Odessa,31.8805,-102.3453,134
St. Paul,44.9489,-93.1041,134
White Hills,35.7242,-114.4004,134
Fargo,46.8647,-96.8291,134
Hope,60.8861,-149.6330,133
Kronenwetter,44.8199,-89.5887,133
Hampton,37.0480,-76.2973,133
Wilmington,34.2092,-77.8858,133
Moreno Valley,33.9233,-117.2057,133
League City,29.4901,-95.1091,133
Eagle Mountain,40.3143,-112.0120,132
College Station,30.5852,-96.2964,132
Long Beach,33.7808,-118.1682,131
Scottsboro,34.6446,-86.0482,131
Greeley,40.4140,-104.7710,131
Anaheim,33.8555,-117.7587,130
Hat Creek,40.7898,-121.4745,129
Ontario,34.0370,-117.6060,129
Gary,41.5907,-87.3471,129
Jacksonville,34.7297,-77.3937,129
Ardmore,34.1965,-97.1318,129
Tacoma,47.2522,-122.4598,128
Springdale,36.1914,-94.1551,128
Mount Pleasant,32.8084,-79.8650,128
Chula Vista,32.6277,-117.0152,128
Waxahachie,32.4025,-96.8445,128
Hoover,33.3751,-86.8094,128
Pueblo West,38.3158,-104.7850,128
Niarada,47.8309,-114.5578,128
Prescott,34.5922,-112.4467,127
North Fort Myers,26.7180,-81.8458,127
Forest Hills,42.9602,-85.4897,127
Pearland,29.5557,-95.3230,127
Mesquite,32.7595,-96.5842,127
Carmel,39.9655,-86.1484,127
Celina,33.3233,-96.7948,127
Salem,44.9239,-123.0230,126
Lynchburg,37.3990,-79.1955,126
Vancouver,45.6372,-122.5966,126
Ranchettes,41.2190,-104.7729,125
Linn,26.5633,-98.1289,125
El Dorado Hills,38.6761,-121.0477,125
Ridgeland,32.4688,-80.9211,125
Boston,42.3386,-71.0183,125
Sheridan,40.1567,-86.1867,125
Peoria,40.7516,-89.6172,124
Ocala,29.1775,-82.1510,124
Avondale,33.3132,-112.3289,123
Saddlebrooke,32.5564,-110.8747,123
Sanford,43.4241,-70.7579,123
Young,34.1241,-110.9383,123
La Sal,38.3011,-109.2657,123
Four Corners,28.3332,-81.6475,123
West Des Moines,41.5499,-93.7814,123
Lake Charles,30.1990,-93.2108,122
Evansville,37.9877,-87.5347,122
Hooper,41.1626,-112.3420,122
Red Rock,32.5612,-111.3740,122
Platinum,58.9521,-161.7468,122
Edinburg,26.3184,-98.1535,122
Big Delta,64.1560,-145.7409,122
Nelchina,62.0104,-146.8302,121
Bartow,27.8871,-81.8218,121
Taunton,41.9033,-71.0950,120
San Francisco,37.7272,-123.0322,120
Conway,35.0744,-92.4670,120
Three Points,32.0593,-111.2866,120
Rancho Cucamonga,34.1303,-117.5661,120
Menifee,33.6899,-117.1844,120
Sherman,33.6286,-96.6267,120
Auberry,37.0887,-119.4508,120
Lake Havasu City,34.4998,-114.3109,120
Mequon,43.2112,-88.0158,119
Billings,45.7885,-108.5525,119
Westfield,42.1388,-72.7559,119
Port Heiden,56.9649,-158.5874,119
Riverview,27.8247,-82.3039,119
Lakewood Ranch,27.4235,-82.3867,119
Prunedale,36.8117,-121.6550,119
Alexander City,32.9167,-85.9406,119
Eagle,43.6989,-116.4085,119
Anniston,33.6735,-85.8109,118
Lonetree,41.0344,-110.1440,118
Hayward,37.6268,-122.1040,118
Tolsona,62.0689,-146.1229,118
Fort Belknap Agency,48.4301,-108.6800,117
Asheville,35.5710,-82.5527,117
Green Bay,44.5215,-87.9866,117
Apache Junction,33.3828,-111.5405,117
Bella Vista,36.4666,-94.2663,117
Kingsland,30.8461,-81.7909,117
Aurora,41.7635,-88.2901,117
Rocky Mount,35.9685,-77.8083,117
Christmas,28.5548,-80.9910,117
Caledonia,42.7974,-87.8774,117
New Braunfels,29.6993,-98.1151,116
Wellington,26.6490,-80.2672,116
Bethel,60.7939,-161.7959,116
Kenwood,36.3012,-94.9979,116
Rochester,43.2985,-70.9770,116
Okreek,43.3485,-100.3887,116
Rock Hill,34.9382,-81.0192,116
Columbus,45.2549,-93.1077,116
Grand Rapids,42.9612,-85.6556,115
Chino Hills,33.9430,-117.7256,115
Eugene,44.0568,-123.1190,115
Speculator,43.5760,-74.3562,115
East Bethel,45.3532,-93.2177,115
Franklin,35.9140,-86.8522,115
Liberty,30.0388,-94.7888,115
St. Mary's,62.0628,-163.2442,115
Bossier City,32.5237,-93.6554,114
Mineral,40.4027,-121.5508,114
Melbourne,28.1104,-80.6627,114
Pine Bluff,34.2116,-92.0176,114
Petersburg,56.7569,-132.8749,114
Decatur,39.8560,-88.9337,114
Tuxedo,41.2420,-74.1717,114
Roseville,38.7703,-121.3196,114
Whitecone,35.5992,-110.0798,114
St. Joseph,39.7595,-94.8211,114
Alamo Lake,34.2559,-113.5003,113
Wesley Chapel,28.2052,-82.3171,113
Womens Bay,57.6886,-152.6772,113
Williams,35.2466,-112.1833,113
Johnson City,36.3423,-82.3809,113
Pasadena,29.6550,-95.1511,113
Moapa Valley,36.6040,-114.4493,113
Goose Creek,32.9949,-80.0092,112
Lakewood,39.6989,-105.1176,112
Hoback,43.3076,-110.7449,112
Borrego Springs,33.2410,-116.3571,112
Piedmont,35.6748,-97.7535,112
Leesburg,28.7172,-81.9031,112
Modesto,37.6375,-121.0030,112
The Woodlands,30.1726,-95.5098,112
Fontana,34.1097,-117.4629,112
McGrath,62.9406,-155.5664,111
Claremont,43.3865,-72.3345,111
Vancleave,30.5459,-88.6734,111
Maine,45.0580,-89.6813,111
Muskogee,35.7438,-95.3564,111
Rock Creek,45.7647,-92.9035,111
Council Bluffs,41.2366,-95.8528,111
Jurupa Valley,34.0026,-117.4676,111
Duncan,34.4816,-97.9605,111
Biloxi,30.4267,-88.9358,111
Danville,36.5833,-79.4081,110
Graham,47.0343,-122.2769,110
Battle Creek,42.2992,-85.2293,110
Santa Rosa,38.4458,-122.7062,110
Elk Grove,38.4146,-121.3850,110
Roanoke,37.2785,-79.9582,110
Maricopa,33.0419,-111.9993,110
Bolivar Peninsula,29.4898,-94.5685,110
Richland,46.2870,-119.2940,109
Houck,35.2693,-109.2234,109
Warm Springs,44.7913,-121.2477,109
LaGrange,33.0270,-85.0383,109
Paradise,36.0871,-115.1355,109
Diamond Ridge,59.7024,-151.5546,109
Camp Verde,34.5694,-111.8570,109
Elk River,45.3322,-93.5665,109
Brentwood,35.9939,-86.7708,109
Huntersville,35.4068,-80.8687,108
Danbury,41.3987,-73.4781,108
Queen Creek,33.2394,-111.6133,108
Bowling Green,36.9768,-86.4337,108
Texarkana,33.4363,-93.9871,108
Millville,39.3901,-75.0548,108
Point Possession,60.9231,-150.6888,108
Shawnee,39.0175,-94.8058,108
Lance Creek,43.0447,-104.6638,108
Flower Mound,33.0379,-97.1133,108
Anderson,64.3080,-149.1641,108
South Bend,41.6766,-86.2688,108
Provo,40.2453,-111.6451,108
Togiak,59.0529,-160.3969,108
Athens,34.7790,-86.9508,108
Clinton,32.3544,-90.3419,108
Catalina Foothills,32.3019,-110.8848,108
Huntsville,30.7005,-95.5549,108
Anderson,40.0898,-85.6894,107
St. Paul,57.1783,-170.3236,107
Benson,31.9145,-110.3286,107
Akwesasne,44.9686,-74.6660,107
Fairfield,38.2620,-122.0324,107
Simi Valley,34.2669,-118.7485,107
Hilton Head Island,32.1903,-80.7384,107
Southaven,34.9510,-89.9777,106
Oceanside,33.2246,-117.3063,106
Barstow,34.8670,-117.0430,106
Nulato,64.6913,-158.2754,106
Galveston,29.1863,-94.9658,106
Middletown,41.5486,-72.6568,106
Grand Junction,39.0891,-108.5675,105
Hammonton,39.6608,-74.7670,105
Roswell,34.0395,-84.3509,105
Lebanon,36.1994,-86.3446,105
Lewisville,33.0507,-96.9746,105
Bessemer,33.3709,-86.9715,105
Grantsville,40.6113,-112.4691,105
Sugar Land,29.5928,-95.6338,104
Pittsfield,42.4518,-73.2607,104
Prescott Valley,34.5979,-112.3185,104
San Marcos,29.8736,-97.9367,104
Buffalo,42.8925,-78.8597,104
Harlingen,26.1912,-97.6974,104
Lebanon,43.6354,-72.2538,104
St. Cloud,45.5267,-94.1710,104
Second Mesa,35.8514,-110.4980,103
Erda,40.6181,-112.3089,103
Fort Myers,26.6178,-81.8317,103
Fortuna Foothills,32.6616,-114.3974,103
Seguin,29.5902,-97.9686,103
Baytown,29.7648,-94.9675,103
Tempe,33.3884,-111.9318,103
Visalia,36.3292,-119.3270,103
Camano,48.1525,-122.4621,103
Corona,33.8620,-117.5655,103
Yucca Valley,34.1233,-116.4216,103
Cheyenne,41.1283,-104.7992,103
San Juan,18.4046,-66.0637,103
Eldersburg,39.4042,-76.9526,103
Pryor,45.4114,-108.5300,103
Torrington,41.8341,-73.1314,102
Apple Valley,37.0810,-113.1034,102
Texanna,35.3579,-95.5118,102
Ponderosa Pines,46.0321,-111.3671,102
Warner Robins,32.5971,-83.6539,102
Thoreau,35.4235,-108.2001,102
Waimea,20.0103,-155.6255,102
Naperville,41.7492,-88.1620,101
Lansing,42.7143,-84.5609,101
Acton,34.4961,-118.1839,101
Alamo,34.4184,-107.5125,101
Clancy,46.4493,-112.0030,101
Atqasuk,70.4808,-157.3255,101
Poway,32.9877,-117.0218,101
Arvada,39.8337,-105.1503,101
Toms River,39.9949,-74.1878,100
Pasco,46.2661,-119.1214,100
Bear Valley Springs,35.1784,-118.6696,100
Ruth,40.2938,-123.3483,100
Old Town,44.9542,-68.7397,100
Leander,30.5743,-97.8617,100
Pelham,33.3218,-86.7422,100
Chiniak,57.5755,-152.2790,100
Shafter,35.4794,-119.2013,100
Slaughterville,35.0946,-97.2828,100
Round Rock,30.5261,-97.6635,100
Shawnee,35.3694,-96.9564,99
Milton,34.1443,-84.3142,99
Saco,43.5280,-70.4196,99
Ramona,33.0458,-116.8775,99
Bonita Springs,26.3550,-81.7842,99
Rogers,36.3181,-94.1523,99
Greenville,35.5964,-77.3753,99
Bear Creek,60.2081,-149.3698,99
Lake Elsinore,33.6860,-117.3354,99
Elgin,42.0390,-88.3257,99
Page,36.9418,-111.5133,98
Hamilton,34.1387,-87.9708,98
Joplin,37.0752,-94.5013,98
Honaunau-Napoopoo,19.4725,-155.8415,98
New Smyrna Beach,29.0294,-80.9549,98
Schertz,29.5633,-98.2509,98
Rancho Mission Viejo,33.5139,-117.5617,98
Carlsbad,33.1293,-117.2842,97
Congress,34.1534,-112.8656,97
Spokane Valley,47.6634,-117.2328,97
Cave Creek,33.8362,-111.9821,97
Sandy Springs,33.9315,-84.3689,97
Rosenberg,29.5500,-95.8214,97
Stamford,41.0796,-73.5461,97
Meridian,43.6115,-116.4007,97
Hot Springs,34.4894,-93.0503,97
Kingman,35.2170,-114.0105,97
Sugarcreek,41.4402,-79.8288,97
Kokomo,40.4653,-86.1273,97
Stonecrest,33.6807,-84.1453,96
Gadsden,34.0066,-86.0161,96
Worcester,42.2695,-71.8078,96
Escondido,33.1331,-117.0740,96
Deltona,28.9051,-81.2110,96
North Branch,45.5099,-92.9557,96
Kaiminani,19.7567,-156.0011,96
Victoria,28.8285,-96.9860,96
Temecula,33.4931,-117.1317,96
Keene,42.9538,-72.3069,96
Iliamna,59.8128,-154.8422,95
Vashon,47.4112,-122.4551,95
Willow Creek,61.8268,-145.1846,95
Alatna,66.5634,-152.8376,95
Lakeville,44.6761,-93.2517,95
Commerce City,39.8828,-104.7949,95
Low Mountain,35.9481,-110.1005,95
Murrysville,40.4429,-79.6583,95
Mansfield,32.5692,-97.1205,95
Collierville,35.0489,-89.6971,95
Thornton,39.9204,-104.9414,94
Bluff,37.2903,-109.5961,94
Superior,46.6921,-92.0804,94
Carrollton,32.9894,-96.8999,94
Fishers,39.9618,-85.9684,94
Sparks,39.5743,-119.7152,94
Columbia,35.6256,-87.0442,94
Sterling Heights,42.5812,-83.0303,94
Chena Ridge,64.7943,-148.0329,94
New Berlin,42.9720,-88.1292,94
Suamico,44.6267,-88.0330,94
Mission,26.2041,-98.3252,94
Hawaiian Ocean View,19.0959,-155.7750,94
Quartzsite,33.6675,-114.2170,94
Mableton,33.8130,-84.5769,93
Cedar City,37.6838,-113.0956,93
Waldorf,38.6092,-76.9198,93
Alachua,29.7793,-82.4848,93
Loveland,40.4169,-105.0631,93
Star Valley,34.2547,-111.2207,93
Washington,37.1267,-113.4878,93
Pink,35.2327,-97.1000,93
Joshua Tree,34.1236,-116.3129,93
Nampa,43.5864,-116.5639,93
Jefferson City,38.5675,-92.1753,93
Cookeville,36.1469,-85.5127,93
Redlands,34.0535,-117.1705,93
Miami,25.7752,-80.2086,93
Valdosta,30.8501,-83.2788,93
Bismarck,46.8146,-100.7686,93
Richfield,43.2394,-88.2340,93
Casper Mountain,42.7416,-106.3081,92
West Valley City,40.6885,-112.0118,92
Corcoran,45.1069,-93.5780,92
Coldfoot,67.2607,-150.0699,92
Cedar Hill,32.5843,-96.9589,92
Rochester,43.1699,-77.6169,92
Prattville,32.4490,-86.4494,92
Greenville,44.2841,-88.5473,92
Trussville,33.6552,-86.5632,92
Livonia,42.3972,-83.3723,92
Gallatin,36.3815,-86.4670,92
Raymond,42.7992,-88.0108,92
Noblesville,40.0368,-86.0051,92
Clinton,41.8424,-90.2428,92
Romulus,42.2236,-83.3660,92
Woodbury,41.3275,-74.1021,92
Spring Valley,36.0952,-115.2636,91
Panama City,30.2395,-85.5303,91
Bentonville,36.3527,-94.2312,91
Murrieta,33.5732,-117.1910,91
Foley,30.3971,-87.6685,91
La Quinta,33.6418,-116.2739,91
Howell,41.7787,-112.4480,91
Cloquet,46.7251,-92.5013,91
Fitchburg,42.9858,-89.4253,91
Bend,44.0567,-121.3080,91
Paris,33.6689,-95.5466,91
Mad River,40.4325,-123.4921,91
Apopka,28.7017,-81.5318,91
Dyer,37.6561,-118.0280,91
Fort Hall,43.0145,-112.4579,90
Ormond Beach,29.2933,-81.1014,90
Oro Valley,32.4207,-110.9770,90
Keystone,28.1276,-82.6081,90
Kannapolis,35.4799,-80.6475,90
Holualoa,19.6686,-155.9187,90
Missoula,46.8744,-114.0261,90
Warwick,41.7031,-71.4203,90
Davie,26.0792,-80.2830,90
Dayton,39.2716,-119.5449,90
Woodbury,44.9063,-92.9237,90
Gulkana,62.2154,-145.4450,90
Gustavus,58.4334,-135.7293,90
Nikolaevsk,59.8295,-151.5964,90
Scandia,45.2515,-92.8334,90
Red Wing,44.5813,-92.6050,90
Pocatello,42.8714,-112.4618,90
Terre Haute,39.4642,-87.3760,90
Castle Rock,39.3762,-104.8529,89
Bloomington,44.8297,-93.3152,89
Janesville,42.6847,-89.0132,89
Fort Lauderdale,26.1412,-80.1467,89
Franklin,42.8839,-88.0115,89
Rancho Cordova,38.5771,-121.2362,89
Lawrence,38.9596,-95.2655,89
Chico,39.7590,-121.8177,89
Kula,20.7681,-156.3345,89
Smyrna,35.9690,-86.5286,89
Grass Valley,40.7971,-117.7603,89
Midland,43.6248,-84.2320,89
Saraland,30.8545,-88.1098,89
Primrose,60.3416,-149.2964,89
Foster,34.6060,-97.4899,89
Farmington,36.7538,-108.1805,89
New Stuyahok,59.4943,-157.2872,89
Eau Claire,44.8183,-91.4948,89
Ham Lake,45.2539,-93.1948,89
Godfrey,38.9529,-90.2225,89
Germantown,43.2345,-88.1250,89
Warren,42.4929,-83.0250,89
Hermantown,46.8023,-92.2408,88
St. George,56.5773,-169.6292,88
Calais,45.1430,-67.2175,88
Bangor,44.8296,-68.7888,88
Northampton,42.3270,-72.6746,88
Lufkin,31.3229,-94.7290,88
Croom,38.7398,-76.7552,88
Lewiston,44.0895,-70.1721,88
Ozark,31.4516,-85.6450,88
Montana City,46.5240,-111.9335,88
Lenexa,38.9653,-94.8039,88
Jeffersonville,38.3375,-85.7012,88
Port Clarence,65.1094,-166.7646,88
Belfast,44.4259,-69.0264,88
The Acreage,26.7742,-80.2769,88
Pike Road,32.2736,-86.1189,88
Youngstown,41.0991,-80.6459,87
Oak Grove,45.3484,-93.3273,87
Mount Pleasant,42.7088,-87.8849,87
Arbon Valley,42.8876,-112.5894,87
Andover,45.2524,-93.3374,87
Homestead Valley,34.2730,-116.4145,87
San Luis,32.4857,-114.7219,87
Janesville,40.3011,-120.4903,87
Gainesville,34.2901,-83.8291,87
Butte,61.5339,-148.9878,87
McCalla,33.3031,-87.0267,87
Snowflake,34.5215,-110.0912,87
Sunrise Manor,36.1783,-115.0487,87
The Lakes,44.1049,-95.6702,87
Nowthen,45.3431,-93.4496,87
Cottage Grove,44.8133,-92.9143,87
Everett,47.9654,-122.1899,87
Kent,47.3900,-122.2135,86
Rushford Village,43.8046,-91.7856,86
Valley Grande,32.4869,-87.0328,86
Yorkville,42.7201,-88.0014,86
Bellevue,47.5978,-122.1565,86
Hugo,45.1642,-92.9601,86
Oakhurst,37.3414,-119.6262,86
Troy,42.5839,-83.1455,86
Flint,43.0244,-83.6920,86
Cleburne,32.3550,-97.4116,86
Pleasant Prairie,42.5267,-87.8883,86
Winter Haven,28.0458,-81.7327,86
Navajo Mountain,37.0470,-110.7899,86
Ajo,32.3923,-112.8839,86
Salome,33.7778,-113.6060,86
Portsmouth,36.8593,-76.3570,86
Farmington Hills,42.4856,-83.3760,86
Rosemount,44.7458,-93.0689,86
Merrillville,41.4727,-87.3181,86
Hickory,35.7375,-81.3229,86
Terrell,32.7258,-96.2980,85
Sumter,33.9408,-80.3955,85
Indio,33.7316,-116.2360,85
Sanford,35.4938,-79.1765,85
Dillingham,59.0606,-158.5324,85
Milam,31.4490,-93.7860,85
Brandon,27.9360,-82.2993,85
Fall River,41.7254,-71.0942,85
Lancaster,32.5962,-96.7738,85
Haverhill,42.7829,-71.0874,85
Manchester,42.9849,-71.4441,85
Hobart,44.4954,-88.1556,85
Vicksburg,32.3220,-90.8816,85
Westfield,40.0360,-86.1522,85
Broomfield,39.9539,-105.0509,85
Monroe,35.0016,-80.5613,85
Blaine,45.1705,-93.2061,85
Baldwin,45.5177,-93.5519,85
Menomonee Falls,43.1594,-88.1215,85
Hopkinsville,36.8393,-87.4735,84
Rochester Hills,42.6635,-83.1592,84
Horizon West,28.4431,-81.6133,84
Rice Lake,46.9089,-92.1322,84
Chelsea,33.3090,-86.6351,84
Plymouth,45.0223,-93.4629,84
Bristol,36.5585,-82.2170,84
Bristol,42.5323,-88.0091,84
St. Michael,45.1992,-93.6895,84
Pembroke Pines,26.0147,-80.3402,84
Taylor,34.4427,-110.0985,84
Ankeny,41.7313,-93.6011,84
The Villages,28.8989,-81.9937,84
Ennis,32.3251,-96.6338,84
Bartlett,35.2342,-89.8203,84
Stebbins,63.4734,-162.2600,84
West Jordan,40.6027,-112.0013,84
Maple Grove,45.1128,-93.4630,84
Ethete,43.0008,-108.7230,84
Eden Prairie,44.8496,-93.4587,84
Independence,45.0186,-93.7198,83
Norwood,35.8447,-95.1512,83
Kyle,29.9941,-97.8833,83
Pine,34.3803,-111.4605,83
Truckee,39.3505,-120.1939,83
Shaver Lake,37.0992,-119.3257,83
Greenville,33.1119,-96.1103,83
Tanque Verde,32.2688,-110.7437,83
North Fork,37.2346,-119.5210,83
Portage,42.1970,-85.5914,83
Spanish Fort,30.7230,-87.8659,83
Town of Pecos,31.3894,-103.5222,83
Grapevine,32.9350,-97.0759,83
Tonto Basin,33.8433,-111.3016,83
Piñon Hills,34.4456,-117.6236,83
Copper Mountain,39.4769,-106.2011,83
Green,40.9538,-81.4720,82
Big Bear City,34.2541,-116.7964,82
Cleveland,35.1800,-84.8713,82
Texarkana,33.4492,-94.0850,82
Alakanuk,62.7111,-164.6497,82
Oxford,33.5964,-85.8682,82
Columbia,39.2011,-76.8590,82
Yorktown,40.1819,-85.5082,82
Harrison,44.1922,-88.2941,82
Loxley,30.6846,-87.7392,82
Springfield,42.1155,-72.5400,82
Rome,34.2661,-85.1861,82
Chesterfield,38.6581,-90.5760,82
Fairbanks,64.8365,-147.6517,82
Paragould,36.0523,-90.5105,82
Mesquite,36.8111,-114.1257,82
Wilson,35.7315,-77.9308,82
Hernando,28.9545,-82.3935,82
Kekoskee,43.5006,-88.5846,82
Sahuarita,31.9322,-110.9654,82
Hendersonville,36.3065,-86.6018,82
Carlsbad,32.4008,-104.2410,81
Westminster,39.8801,-105.0615,81
Perris,33.7898,-117.2222,81
Muskego,42.8714,-88.1343,81
Coopertown,36.4142,-86.9658,81
Palmer Town,42.1889,-72.3065,81
Sun Valley,34.9829,-110.0320,81
Johnstown,43.1138,-108.6899,81
Furnace Creek,36.4277,-116.8747,81
Crowheart,43.3398,-109.2298,81
Charleston,38.3487,-81.6323,81
Enterprise,31.3255,-85.8461,81
Dubuque,42.4989,-90.7073,81
Burlington,36.0761,-79.4683,80
Bigfork,48.0841,-114.0546,80
Eagan,44.8152,-93.1628,80
Pleasant Valley,64.8855,-146.8986,80
Coaldale,38.3557,-105.8131,80
Meadview,35.9532,-114.0789,80
Pueblo Pintado,35.9614,-107.6224,80
Pearl River,32.7969,-89.2409,80
O'Fallon,38.7788,-90.7218,80
Three Rivers,36.4400,-118.8803,80
Mansfield,40.7667,-82.5308,79
Greenville,34.8369,-82.3630,79
St. Cloud,28.2337,-81.2802,79
Nashua,42.7491,-71.4905,79
Johns Creek,34.0327,-84.2038,79
Dayton,30.0132,-94.9360,79
Needles,34.8134,-114.6266,79
Shelton,41.3046,-73.1392,79
Robinson,31.4515,-97.1229,79
Independence,40.4108,-111.2957,79
Madison,34.7105,-86.7623,79
Concord,37.9722,-122.0016,79
Forest Lake,45.2508,-92.9669,79
Empire,44.6799,-93.0922,79
Alafaya,28.5293,-81.1867,79
Trotwood,39.7918,-84.3218,78
Glendale,34.1814,-118.2458,78
Blanchard,35.1523,-97.6652,78
Vallejo,38.1069,-122.2623,78
Douglas City,40.6450,-122.9274,78
Desert Center,33.7378,-115.3666,78
Lafayette,40.3994,-86.8628,78
Statesville,35.7834,-80.8717,78
Salem Lakes,42.5365,-88.1332,78
Lehi,40.4171,-111.8711,78
Tanaina,61.6572,-149.4282,78
Hermitage,41.2298,-80.4430,78
Beaumont,33.8767,-116.9530,78
Headland,31.3550,-85.3570,78
Lakehills,29.6271,-98.9426,78
Willow Creek,40.9393,-123.6411,78
Pocola,35.2515,-94.4679,78
Gautier,30.4062,-88.6593,78
Grand Island,40.9214,-98.3586,78
Novi,42.4785,-83.4868,78
Linden,34.2696,-110.1364,78
Plant City,28.0154,-82.1178,78
Corinth,34.9484,-88.5136,78
Centennial,39.5909,-104.8638,78
Sale Creek,35.3864,-85.0824,78
Desert Hot Springs,33.9576,-116.5423,78
Benson,41.7529,-111.9259,78
Robie Creek,43.6676,-116.0152,77
Biddeford,43.4387,-70.3929,77
Richmond,37.9523,-122.3606,77
Columbus,39.2070,-85.9217,77
Chino,33.9756,-117.6674,77
Ellicott City,39.2767,-76.8340,77
Grenada,33.7814,-89.8115,77
Fairview,35.1560,-80.5244,77
Vernon,42.8790,-88.2666,77
Emily,46.7690,-93.9805,77
Red Lake,35.3615,-112.1721,77
Pasadena Hills,28.2795,-82.2413,77
Coachella,33.6904,-116.1431,77
Monroe,32.5190,-92.0772,77
Eielson AFB,64.6734,-147.0597,77
Vacaville,38.3586,-121.9686,77
Bloomfield,42.5400,-88.3653,77
Lemon Grove,27.5931,-81.6503,77
West Memphis,35.1496,-90.1993,77
Auburn,47.3047,-122.2107,77
Stillwater,36.1315,-97.0745,77
Okaton,43.8521,-100.8814,77
Marshall,32.5392,-94.3532,77
Roswell,33.3734,-104.5294,76
Spring Hill,35.7466,-86.9168,76
St. Augusta,45.4502,-94.1938,76
Liberty,39.2413,-94.4194,76
St. Gabriel,30.2552,-91.1004,76
St. Hedwig,29.4202,-98.2070,76
Adak,51.9095,-176.5992,76
Jasper,33.8511,-87.2683,76
Otsego,45.2643,-93.6207,76
Kenosha,42.5875,-87.8800,76
Rockwall,32.9181,-96.4381,76
Shakopee,44.7719,-93.4757,76
Yerington,38.9555,-119.1101,76
Tuttle,35.3139,-97.7536,76
Allentown,30.7705,-87.0844,76
Cedar Falls,42.5191,-92.4540,76
Weatherford,32.7554,-97.7657,76
Placitas,35.3226,-106.4429,76
La Paz Valley,33.5582,-114.2435,76
Alsen,48.6305,-98.7043,76
Marion Oaks,29.0013,-82.1953,76
Unionville,35.0785,-80.5171,75
Burleson,32.5144,-97.3233,75
Mount Charleston,36.2625,-115.6139,75
Fifty Lakes,46.7655,-94.1178,75
Stuarts Draft,38.0188,-79.0347,75
Kualapuu,21.1550,-157.0642,75
Cape Girardeau,37.3094,-89.5584,75
Chenega,60.0919,-147.9947,75
Longmont,40.1682,-105.1005,75
Rosedale,35.3886,-119.2057,75
Hemet,33.7341,-116.9968,75
Grand Forks,47.9196,-97.0873,75
Holy Cross,62.1867,-159.8525,75
Boca Raton,26.3727,-80.1037,75
Antioch,37.9783,-121.7961,75
Palermo,39.4307,-121.5229,75
Titusville,28.5734,-80.8194,75
Kenai,60.5622,-151.2081,75
Russellville,35.2769,-93.1375,75
Oljato-Monument Valley,37.0307,-110.2511,75
Missouri City,29.5629,-95.5360,75
Denison,33.7669,-96.5807,75
Chilchinbito,36.4920,-110.0492,75
South Valley,35.0086,-106.6822,75
Wilton,38.4130,-121.2127,75
Wellton,32.6401,-114.2152,75
Pataskala,40.0198,-82.7199,75
New Bern,35.0927,-77.0718,74
Monahans,31.6557,-103.0837,74
Goldsboro,35.3782,-77.9719,74
Ramsey,45.2600,-93.4522,74
Miramar,25.9725,-80.3386,74
Leominster,42.5209,-71.7706,74
Greenwood,39.6034,-86.1052,74
Flowood,32.3361,-90.0729,74
Egegik,58.2051,-157.5220,74
West Alton,38.8629,-90.2039,74
Toksook Bay,60.5286,-165.1056,74
Cartersville,34.1646,-84.8017,74
Shoshone,35.9672,-116.3088,74
East Milton,30.6172,-86.9643,74
Medford,42.3360,-122.8518,74
Jacksonville,34.8779,-92.1315,74
Tunica Resorts,34.8242,-90.3212,74
Rockville,45.4660,-94.3189,74
Gold Canyon,33.3639,-111.4230,74
Gulf Shores,30.2772,-87.7024,74
East Lake,28.1229,-82.6891,74
Shady Hills,28.4030,-82.5451,74
Perry,32.4737,-83.7278,74
Sugarmill Woods,28.7403,-82.5060,74
Muddy,45.5798,-106.7754,74
Pray,45.4169,-110.6481,74
Plum,40.5019,-79.7482,73
Kennewick,46.1976,-119.1759,73
Richardson,32.9723,-96.7081,73
Waterbury,41.5585,-73.0367,73
Elkhart,41.6921,-85.9626,73
Alexandria,31.2934,-92.4702,73
Oregon,41.6560,-83.4383,73
Stacy,45.4230,-92.9703,73
Point Lay,69.7371,-162.8350,73
Port Charlotte,26.9895,-82.1137,73
Benton,37.8224,-118.4877,73
Oak Creek,42.8787,-87.8987,73
Bremerton,47.5399,-122.7170,73
Angel Fire,36.3781,-105.2589,73
Ann Arbor,42.2761,-83.7309,73
Leland,34.2137,-78.0432,73
Ponce,17.9997,-66.6237,73
Draper,40.4971,-111.8646,73
Cranston,41.7697,-71.4850,73
Troy,31.8020,-85.9671,73
Jeffrey City,42.4830,-107.8291,73
Mechanicsville,37.6299,-77.3548,73
Elizabethtown,37.7037,-85.8799,73
Mason City,43.1478,-93.2004,73
Bethel Acres,35.3114,-97.0451,73
Sunol,37.5859,-121.8805,73
Yucaipa,34.0336,-117.0429,73
Lino Lakes,45.1555,-93.1069,73
Ames,42.0263,-93.6213,73
Skamokawa Valley,46.3152,-123.4014,73
Bellingham,48.7534,-122.4702,72
Cottonwood,34.7508,-111.9840,72
Yakima,46.5909,-120.5494,72
Hackberry,29.9650,-93.4102,72
Morristown,36.2044,-83.3000,72
Norwich,41.5480,-72.0895,72
Phenix City,32.4537,-85.0310,72
Saratoga Springs,43.0677,-73.7781,72
Chalfant,37.4921,-118.3904,72
Truth or Consequences,33.2376,-107.2762,72
Conway,33.8345,-79.0492,72
Taconite,47.3180,-93.3829,72
Fort Carson,38.6874,-104.7489,72
Folsom,38.6666,-121.1416,72
Inver Grove Heights,44.8290,-93.0601,72
Yaak,48.8299,-115.6864,72
Oshkosh,44.0232,-88.5623,72
Fitchburg,42.6020,-71.8159,72
Mentor,41.6902,-81.3359,71
Snowmass Village,39.2169,-106.9440,71
Arivaca,31.5749,-111.2926,71
Minot,48.2361,-101.2775,71
Starkville,33.4633,-88.8278,71
Durant,33.9952,-96.3925,71
Chackbay,29.8585,-90.8070,71
Pooler,32.1056,-81.2560,71
Two Rivers,64.8908,-147.0899,71
Cohasset,47.2424,-93.6642,71
Arapahoe,42.9926,-108.4527,71
Amherst Town,42.3635,-72.5073,71
Bainbridge Island,47.6425,-122.5078,71
Nacogdoches,31.6124,-94.6520,71
Baden,38.6695,-76.7442,71
Anza,33.5616,-116.6961,71
Mooresville,35.5837,-80.8278,71
Ogden,41.2284,-111.9681,71
Windsor,43.2457,-89.2815,71
Valley Center,33.2330,-117.0158,71
Franklin,43.4539,-71.6699,71
Accokeek,38.6765,-77.0005,71
Concow,39.7703,-121.5135,70
Muncie,40.1988,-85.3951,70
Santa Ana,33.7363,-117.8829,70
Novato,38.0851,-122.5483,70
Brookfield,43.0643,-88.1178,70
Manvel,29.4882,-95.3650,70
Huntington Beach,33.6980,-118.0038,70
Hollywood,26.0310,-80.1646,70
Bridgewater Town,41.9724,-70.9788,70
Grant-Valkaria,27.9343,-80.5659,70
Plainfield,39.6931,-86.3737,70
Choctaw,35.4850,-97.2699,70
Apex,35.7256,-78.8799,70
Piperton,35.0528,-89.6096,70
Honalo,19.5810,-155.8984,70
Idaho Falls,43.4896,-112.0353,70
Green River,38.9935,-110.1734,70
Shadeland,40.3448,-86.9637,70
Bloomington,40.4758,-88.9699,70
Hays,48.0104,-108.6606,70
Florence,34.8298,-87.6622,70
Bayamón,18.3801,-66.1633,70
Covenant Life,59.3975,-136.1230,70
Zia Pueblo,35.5300,-106.7170,70
World Golf Village,29.9680,-81.4901,69
Barrington Hills,42.1386,-88.2030,69
Ashland,32.1204,-93.1125,69
Albertville,34.2631,-86.2107,69
Wickenburg,33.9858,-112.7683,69
Lecanto,28.8251,-82.4998,69
Minnetonka,44.9326,-93.4567,69
Boulder,40.0244,-105.2513,69
Greenville,33.3835,-91.0523,69
Alpharetta,34.0709,-84.2726,69
Mount Juliet,36.1992,-86.5095,69
Zachary,30.6644,-91.1658,69
Port Orange,29.1134,-81.0132,69
Nocatee,30.0851,-81.4099,69
Alpine,32.8425,-116.7559,69
Attleboro,41.9317,-71.2945,69
Palm Desert,33.7376,-116.3641,69
Funny River,60.4843,-150.7887,69
Casper,42.8421,-106.3213,69
Dover,43.1864,-70.8836,69
Ona,27.4830,-81.9097,69
Volcano,19.4864,-155.2774,69
Thorne Bay,55.6670,-132.5357,69
Weldon,35.6441,-118.3091,69
Springfield,39.9289,-83.7942,68
Franklin Town,42.0849,-71.4106,68
Edwards,39.6118,-106.6197,68
Oxford,34.3513,-89.5370,68
Poteau,35.0667,-94.6103,68
Utting,33.8546,-113.9129,68
Beavercreek,39.7332,-84.0596,68
Grand Canyon Village,36.0595,-112.1579,68
Livermore,37.6870,-121.7598,68
Oxnard,34.1994,-119.2075,68
Junction City,40.7360,-123.0846,68
Yukon,35.5184,-97.7662,68
Garden,41.8743,-111.4170,68
Casas Adobes,32.3418,-111.0116,68
Blythe,33.6535,-114.6218,68
Thonotosassa,28.0466,-82.2965,68
Loma,48.6377,-98.5257,68
Hillsboro,45.5268,-122.9354,68
Bella Vista,40.6512,-122.2564,68
Lacombe,30.3141,-89.9306,68
Inchelium,48.3637,-118.2456,68
Hobbs,32.7291,-103.1606,68
Bristol,41.6816,-72.9407,68
Summerfield,36.1969,-79.8972,68
Helena Valley West Central,46.6603,-112.0586,68
Allen,33.1072,-96.6747,68
Middletown,39.5030,-84.3649,68
Carlisle,35.5069,-95.0322,68
Tracy,37.7274,-121.4522,68
Tucson Mountains,32.2823,-111.0774,68
Mammoth,32.6852,-110.7293,68
Canton,40.8077,-81.3672,68
Conneaut,41.9273,-80.5684,68
Lisbon,43.1576,-88.2504,68
Windsor,40.4783,-104.9151,68
Salina,38.8131,-97.6145,68
Southfield,42.4746,-83.2595,68
Ridgeland,32.4237,-90.1618,68
Alabaster,33.2144,-86.8231,68
Clovis,36.8278,-119.6818,68
Aleknagik,59.2889,-158.6645,67
Goldsby,35.1239,-97.4866,67
Pflugerville,30.4478,-97.6021,67
Calverton,40.9199,-72.7734,67
Adamsville,33.6023,-86.9715,67
Hobart,41.5135,-87.2764,67
Gloucester,42.6288,-70.6859,67
Clearwater,27.9794,-82.7713,67
Plainfield,41.6197,-88.2269,67
Longtown,35.2424,-95.5186,67
Minnetrista,44.9386,-93.7124,67
Kuna,43.5248,-116.4036,67
Fairfield,40.2360,-112.0752,67
Brooklyn Park,45.1109,-93.3491,67
Atascadero,35.4857,-120.6879,67
Talladega,33.4318,-86.0995,67
Merced,37.3114,-120.4704,67
Brushy,35.5616,-94.7475,67
North Hobbs,32.7733,-103.1234,67
Arlington,38.8783,-77.1007,67
Lewiston,41.9685,-111.8858,67
St. Johns,34.5004,-109.3769,67
Citronelle,31.0973,-88.2498,67
San Jacinto,33.7989,-116.9959,67
Cotton City,32.1105,-108.8801,66
Cuyahoga Falls,41.1829,-81.5530,66
Somers,42.6432,-87.8922,66
Crosslake,46.6782,-94.1020,66
Iowa City,41.6557,-91.5309,66
South Jordan,40.5550,-111.9923,66
Booneville,34.6644,-88.5680,66
Chewey,36.1125,-94.7257,66
Williston,48.1895,-103.6491,66
Mulberry,34.0668,-83.8875,66
Bixby,35.9456,-95.8783,66
Portage,41.5885,-87.1795,66
Rainbow City,33.9288,-86.0842,66
Lincoln,33.5802,-86.1279,66
De Soto,38.9418,-94.9853,66
Orange,33.7870,-117.8613,66
Brandon,32.2781,-89.9907,66
Guntersville,34.3679,-86.2523,66
Ringwood,41.1040,-74.2711,66
Hernando,34.8496,-89.9924,66
Hudson,41.2392,-81.4416,66
Cedar Park,30.5102,-97.8186,66
Medina,45.0345,-93.5756,66
Sheridan,38.9731,-121.3509,66
Waukesha,43.0091,-88.2451,66
St. Marys,30.7567,-81.5784,66
Pearl,32.2725,-90.0918,66
Rincon Valley,32.1100,-110.6890,65
Manorville,40.8623,-72.7875,65
Hutchinson,38.0642,-97.9086,65
Appleton,44.2789,-88.3883,65
Rogers,45.1838,-93.5717,65
Prichard,30.7733,-88.1314,65
Caldwell,43.6459,-116.6593,65
Cheektowaga,42.9090,-78.7508,65
Great Falls,39.0124,-77.3019,65
Scranton,41.4042,-75.6659,65
Rancho Mirage,33.7638,-116.4304,65
Evans,33.5676,-82.1406,65
Madison,32.4739,-90.1309,65
St. Charles,38.7957,-90.5154,65
Prosper,33.2410,-96.8075,65
Morongo Valley,34.0724,-116.5627,65
Munson,30.8291,-86.8897,65
Welling,35.8811,-94.8703,65
Pine Level,32.5795,-86.4543,65
Homosassa Springs,28.8093,-82.5408,65
Potomac,39.0133,-77.1936,65
Red Devil,61.7575,-157.3584,65
Peachtree City,33.3919,-84.5707,65
Afton,44.8988,-92.8191,64
False Pass,54.8724,-163.3343,64
Grant,45.0821,-92.9109,64
Columbus,33.5082,-88.4071,64
Syracuse,43.0410,-76.1436,64
Cohasset,39.9022,-121.7454,64
Framingham,42.3079,-71.4362,64
Wimauma,27.6749,-82.3132,64
Edgewater,28.9544,-80.9409,64
Clinton,38.7509,-76.9027,64
Pell City,33.5603,-86.2636,64
New Franklin,40.9543,-81.5849,64
Brigham City,41.5059,-112.0514,64
Bolingbrook,41.6875,-88.1062,64
Burnsville,44.7644,-93.2794,64
Florence,34.1789,-79.7922,64
Helena,33.2845,-86.8865,64
Freeport,30.4999,-86.1299,64
Mammoth Lakes,37.6244,-118.9884,64
Pine Ridge,28.9330,-82.4762,64
Lone Grove,34.1810,-97.2533,64
Park Hill,35.8344,-94.9721,64
McLean,38.9435,-77.1929,64
Watkins,39.6984,-104.5772,64
Wyoming,42.8903,-85.7067,64
Coalfield,36.0228,-84.4425,64
La Vergne,36.0222,-86.5594,64
Fort Pierce,27.4261,-80.3425,63
Dublin,40.1133,-83.1458,63
King Cove,55.0833,-162.3176,63
Kalamazoo,42.2752,-85.5885,63
Strongsville,41.3130,-81.8317,63
Black Canyon City,34.0714,-112.1224,63
Rendon,32.5797,-97.2365,63
Mint Hill,35.1785,-80.6557,63
Weston,26.1004,-80.4021,63
Walker,42.9966,-85.7564,63
San Marcos,33.1326,-117.1699,63
Frederick,39.4369,-77.4120,63
Shingletown,40.5061,-121.8557,63
Rib Mountain,44.8972,-89.6839,63
Angoon,57.4413,-134.4784,63
Lincoln,38.8745,-121.2929,63
Moody,33.6034,-86.4938,63
Oak Hills,34.3899,-117.4031,63
Granger,41.7377,-86.1344,63
Beaufort,32.4581,-80.7225,63
Sevierville,35.8897,-83.5799,63
Greer,34.9318,-82.2291,63
Lutz,28.1407,-82.4497,63
Pharr,26.1634,-98.1939,63
Kotzebue,66.8868,-162.4917,63
Midwest City,35.4588,-97.3746,63
Estero,26.4256,-81.7995,63
Leavenworth,39.3227,-94.9250,63
Sandy,40.5717,-111.8499,63
Calera,33.1223,-86.7456,62
Sky Valley,33.8912,-116.3550,62
Sanford,28.7894,-81.2746,62
Highlands Ranch,39.5408,-104.9711,62
Waukegan,42.3694,-87.8709,62
Richmond,39.8321,-84.8909,62
Sunwest,33.6510,-113.4091,62
Dearborn,42.3131,-83.2115,62
Union Hill-Novelty Hill,47.6823,-122.0227,62
Pace,30.6167,-87.1647,62
Tooele,40.5394,-112.3078,62
Heber,40.5417,-111.3879,62
Newark,40.7242,-74.1726,62
Pleasanton,37.6672,-121.8812,62
Stewartville,33.0755,-86.2607,62
Lake Norman of Catawba,35.5984,-80.9875,62
Redland,32.4814,-86.1438,62
Moss Point,30.4259,-88.5327,62
Rialto,34.1174,-117.3892,62
Pompano Beach,26.2416,-80.1339,62
Palo Alto,37.3965,-122.1431,62
White Mountain Lake,34.3440,-109.9868,62
Houston,61.6153,-149.8006,62
Farson,42.1544,-109.4248,62
Pilot Point,57.5411,-157.7228,61
Bigfoot,29.0623,-98.8534,61
Thompson's Station,35.8125,-86.9100,61
Atascocita,29.9779,-95.1946,61
Greeley Hill,37.7570,-120.1308,61
Dover,39.1606,-75.5217,61
Haines City,28.1128,-81.6165,61
Newport Beach,33.6266,-117.8654,61
Reed Creek,34.4409,-82.9137,61
Richmond Hill,31.9002,-81.3101,61
Marietta,33.9536,-84.5425,61
Limestone,27.3672,-81.9048,61
Arlington,35.2525,-89.6611,61
Wildomar,33.6173,-117.2583,61
Meriden,41.5368,-72.7945,61
Kwigillingok,59.8773,-163.1770,61
West Livingston,30.7014,-95.0203,61
Sapulpa,36.0042,-96.1233,61
Opp,31.2844,-86.2574,61
Boiling Spring Lakes,34.0382,-78.0877,61
Spring Lake,35.1846,-78.9947,61
Thousand Palms,33.8150,-116.3545,61
Taylor,42.2253,-83.2677,61
Catheys Valley,37.4277,-120.0960,61
Lorain,41.4388,-82.1797,61
Bellevue,41.1449,-95.9386,61
Clovis,34.4386,-103.1942,61
Gresham,45.5023,-122.4416,61
Ballplay,34.0230,-85.8015,60
Renton,47.4792,-122.1946,60
Benton,34.5774,-92.5726,60
Lost City,36.0006,-95.1223,60
Salinas,36.6902,-121.6338,60
Lakeland,35.2628,-89.7250,60
Hollywood,32.7513,-80.2019,60
Campo,32.6410,-116.4745,60
Nespelem Community,48.1625,-119.0487,60
Streetsboro,41.2396,-81.3459,60
Myrtle Beach,33.7104,-78.8860,60
McKay,45.4923,-118.6842,60
Tullahoma,35.3733,-86.2183,60
North Ridgeville,41.3863,-82.0228,60
Dayton,45.1891,-93.4716,60
Hiko,37.6452,-115.1891,60
Credit River,44.6708,-93.3611,60
Takotna,62.9869,-156.0432,60
Burton,43.0007,-83.6182,60
Saratoga Springs,40.3446,-111.9159,60
Gillette,44.2726,-105.4989,60
Ohioville,40.6847,-80.4837,60
Wedgefield,28.4860,-81.0818,60
Agawam Town,42.0636,-72.6536,60
St. Francis,45.3940,-93.3941,60
Floral City,28.7067,-82.3067,60
Kerrville,30.0383,-99.1311,60
Luling,29.8985,-90.3532,60
McIntosh,34.8819,-106.0559,60
Bayou Blue,29.6325,-90.6690,60
Bloomington,39.1637,-86.5243,60
Belleville,38.5160,-89.9898,60
Norton Shores,43.1695,-86.2354,60
Banning,33.9459,-116.8990,60
Allendale,42.9820,-85.9441,60
Jefferson City,46.3779,-112.0305,60
Salisbury,35.6662,-80.4926,60
Kodiak Station,57.7679,-152.5959,60
Lordstown,41.1710,-80.8663,60
Soddy-Daisy,35.2616,-85.1721,60
Great Falls,47.5025,-111.3000,59
Natchitoches,31.7348,-93.1009,59
Yulee,30.6354,-81.5696,59
Metairie,29.9978,-90.1778,59
Herriman,40.4918,-112.0204,59
Clanton,32.8456,-86.6195,59
Marbury,32.6730,-86.4637,59
McGregor,31.4203,-97.4253,59
Kaltag,64.3141,-158.7788,59
Gardendale,33.6740,-86.8085,59
Navarre,30.4161,-86.8887,59
Carrollton,33.5818,-85.0833,59
Jefferson,34.1362,-83.6022,59
Fort Leonard Wood,37.7562,-92.1278,59
Champaign,40.1141,-88.2746,59
Wilson,43.4752,-110.9145,59
High Springs,29.7996,-82.5893,59
Venetie,67.0207,-146.3743,59
East Honolulu,21.2884,-157.7179,59
Fairfield Glade,36.0038,-84.8727,59
Corsicana,32.0824,-96.4667,59
Pomona,34.0585,-117.7611,59
Fanshawe,34.9620,-94.9112,59
Pasadena,34.1606,-118.1380,59
Aurora,41.3015,-81.3325,59
Sterrett,33.4422,-86.4610,59
Douglasville,33.7368,-84.7011,59
Rosburg,46.3081,-123.6435,59
Alvin,29.4248,-95.2244,59
Chicopee,42.1776,-72.5702,59
Oak Creek Canyon,34.9489,-111.7504,59
St. Marie,48.4053,-106.4985,59
Norwalk,41.0927,-73.4198,59
Taylor,30.5720,-97.4304,59
Cullman,34.1769,-86.8407,59
Coral Springs,26.2707,-80.2593,59
Indian Trail,35.0686,-80.6512,59
Agua Dulce,34.5017,-118.3207,59
Evansville,66.9329,-151.3701,59
Santa Maria,34.9331,-120.4436,59
Leeds,33.5468,-86.5714,59
Pensacola,30.4410,-87.1912,59
Lugoff,34.2119,-80.6976,58
Twin Hills,59.0849,-160.2766,58
Cottage Lake,47.7465,-122.0760,58
Hammond,41.6187,-87.4949,58
Immokalee,26.4240,-81.4216,58
Petersburg,37.2047,-77.3924,58
Stoney Point,35.5647,-94.6762,58
Vail,32.0217,-110.6937,58
Huber Heights,39.8589,-84.1129,58
Asheboro,35.7026,-79.8041,58
Kaibab Estates West,35.2748,-112.4985,58
Henagar,34.6306,-85.7309,58
Layton,41.0774,-111.9607,58
Summerville,33.0058,-80.1793,58
Coon Rapids,45.1764,-93.3115,58
North Myrtle Beach,33.8245,-78.7087,58
Bartlesville,36.7377,-95.9485,58
Port Alsworth,60.1578,-154.3406,58
Urbandale,41.6367,-93.7799,58
St. Peters,38.7816,-90.6042,58
Spring,30.0622,-95.3840,58
Cathedral City,33.8355,-116.4631,58
Parker,39.5059,-104.7758,58
Mount Hood Villages,45.3240,-121.9905,58
Chickasha,35.0405,-97.9472,58
Fullerton,33.8857,-117.9280,58
Millington,35.3337,-89.8995,58
Vandenberg AFB,34.7280,-120.5065,57
Grand Rapids,47.2385,-93.5326,57
Avra Valley,32.4191,-111.3394,57
Mills River,35.3813,-82.5889,57
Shelby,35.2904,-81.5456,57
Fountain,38.6890,-104.6806,57
Montura,26.6428,-81.0938,57
Federal Way,47.3116,-122.3378,57
Richmond,37.7291,-84.2994,57
Moorhead,46.8647,-96.7446,57
Town 'n' Country,28.0102,-82.5772,57
Park City,40.6573,-111.4938,57
Munds Park,34.9380,-111.6282,57
Blue Springs,39.0120,-94.2676,57
Groveland,28.6461,-81.7969,57
Methuen,42.7426,-71.1787,57
Homer Glen,41.6052,-87.9524,57
Toquerville,37.2665,-113.2951,57
Orovada,41.5492,-117.8236,57
La Plata,36.8964,-108.2008,57
Harpersville,33.3177,-86.4284,57
Buffalo Soapstone,61.6844,-149.1212,57
Manteca,37.7928,-121.2261,57
West Richland,46.3138,-119.3877,57
Lake Elmo,44.9879,-92.9097,57
Moore,35.3285,-97.4748,57
Gardner,42.5842,-71.9887,57
Sunnyvale,37.3858,-122.0263,57
Aiken,33.5316,-81.7251,57
Oneida,43.0704,-75.6736,57
Socorro,31.6385,-106.2574,57
Orland Park,41.6081,-87.8593,57
Putney,31.4747,-84.1052,57
Wentzville,38.8165,-90.8708,57
Prairieville,30.3135,-90.9581,56
Lukachukai,36.4112,-109.2255,56
Parker,34.0340,-114.2281,56
Dateland,32.8209,-113.5422,56
Waukee,41.5905,-93.8828,56
Milford,41.2236,-73.0646,56
Dennard,35.7479,-92.5500,56
Maryland Heights,38.7168,-90.4718,56
Johnson Lane,39.0642,-119.7202,56
Atmore,31.1241,-87.4578,56
Indio Hills,33.8411,-116.2485,56
San Buenaventura (Ventura),34.2678,-119.2542,56
Southlake,32.9545,-97.1489,56
Kingsbury,38.9909,-119.8837,56
Redstone Arsenal,34.6770,-86.6503,56
West Hartford,41.7666,-72.7549,56
Hinesville,31.8237,-81.6079,56
Farmers Loop,64.9082,-147.6986,56
Plantation,26.1256,-80.2618,56
New Albany,40.0900,-82.7763,56
Bridgeport,38.2552,-119.2104,56
Brighton,39.9657,-104.7941,56
St. Michael,63.4586,-162.1339,56
Lake Isabella,35.6371,-118.4826,56
La Crosse,43.8247,-91.2246,56
Comanche Creek,39.6061,-104.3358,56
Weston,44.8912,-89.5497,56
Chapel Hill,35.9283,-79.0414,56
Brookhaven,31.5806,-90.4434,56
DeSoto,32.5993,-96.8629,56
Jupiter,26.9186,-80.1169,56
Oroville East,39.4936,-121.4838,55
Hialeah,25.8699,-80.3029,55
Holtville,32.6303,-86.3280,55
Alamogordo,32.8836,-105.9636,55
Raceland,29.7235,-90.6298,55
Kissimmee,28.3028,-81.4178,55
Granite Bay,38.7604,-121.1682,55
Portland,43.6332,-70.1853,55
Incline Village,39.2657,-119.9463,55
Bay Lake,28.3892,-81.5785,55
North Augusta,33.5233,-81.9566,55
Erie,40.0403,-105.0383,55
Helena Valley Southeast,46.6226,-111.9008,55
West Sacramento,38.5544,-121.5487,55
Hamilton,39.3943,-84.5655,55
Salton City,33.2994,-115.9609,55
Greenfield,42.6147,-72.5971,55
Bozeman,45.6832,-111.0538,55
Albany,42.6657,-73.7984,55
Condon,47.5344,-113.6911,55
North Royalton,41.3159,-81.7481,55
West Seneca,42.8378,-78.7512,55
Peter,41.7774,-112.0006,55
Dalton,34.7679,-84.9728,55
Lebanon,40.0364,-86.4611,55
Greenville,31.8431,-86.6370,55
Chief Lake,45.9387,-91.3359,55
Branson,36.6123,-93.2918,55
Brockton,42.0825,-71.0246,55
Orange,30.1235,-93.7545,55
Owensboro,37.7572,-87.1174,55
Bettendorf,41.5668,-90.4768,55
Royse City,32.9727,-96.3183,55
Canton,32.5984,-90.0322,55
Cathedral,38.0836,-107.0307,55
Pajarito Mesa,34.9782,-106.7795,55
Bel Air South,39.5081,-76.3094,55
Igiugig,59.3006,-155.8584,55
Ruston,32.5330,-92.6353,54
Holyoke,42.2117,-72.6424,54
Darien,31.3435,-81.4241,54
Nesquehoning,40.8781,-75.8220,54
Wylie,33.0291,-96.5270,54
Cedar Fort,40.3417,-112.1088,54
Pioneer,26.7285,-81.2172,54
Citrus Springs,28.9932,-82.4595,54
Edna Bay,55.9676,-133.6923,54
Cibolo,29.5649,-98.2174,54
Brandywine,38.6821,-76.8853,54
Newark,40.0715,-82.4242,54
Lake Alfred,28.1372,-81.7168,54
Mayagüez,18.2012,-67.1418,54
Boulder,37.9228,-111.4319,54
Kentwood,42.8848,-85.5925,54
Yosemite Lakes,37.1854,-119.7721,54
Laplace,30.0722,-90.4770,54
West Point,33.6062,-88.6576,54
Fort Washakie,43.0069,-108.9204,54
McKinleyville,40.9516,-124.0774,54
Marlborough,42.3496,-71.5472,54
Ridgecrest,35.6285,-117.6640,54
Fairfield,39.3314,-84.5427,53
Lenoir,35.9077,-81.5248,53
Nogales,31.3619,-110.9348,53
Strasburg,39.7207,-104.3182,53
North Haven,41.3815,-72.8564,53
Avon,41.4451,-82.0051,53
Eldorado at Santa Fe,35.5272,-105.9340,53
Bradfordville,30.5706,-84.2042,53
Pikeville,37.4769,-82.5288,53
Sherwood,34.8520,-92.2045,53
Marysville,48.0802,-122.1543,53
Cabot,34.9751,-92.0283,53
Rowlett,32.9159,-96.5486,53
Tulare,36.2002,-119.3398,53
Doney Park,35.2656,-111.5190,53
Blytheville,35.9341,-89.9051,53
San Manuel,32.6091,-110.6415,53
Rainsville,34.4944,-85.8365,53
Garner,35.6895,-78.6146,53
Carolina,18.4121,-65.9798,53
Crooked River Ranch,44.4242,-121.2757,53
East Peoria,40.6734,-89.5418,53
Kokhanok,59.4124,-154.7327,53
Crouch Mesa,36.7480,-108.0853,53
Ashland,45.5977,-106.2975,53
Wyoming,45.3399,-92.9684,53
Summit,43.0462,-88.4774,53
Michigan City,41.7088,-86.8669,53
Crossville,35.9515,-85.0306,53
Waukesha,42.9604,-88.2493,53
Friendswood,29.5077,-95.2006,53
Vincent,33.3831,-86.4025,53
Daphne,30.6239,-87.8785,53
New Post,45.9028,-91.2071,53
Sulphur Springs,33.1431,-95.6147,53
Hoffman Estates,42.0644,-88.1446,53
Katie,34.5907,-97.3256,53
Bryant,34.6151,-92.4913,53
Beaver,66.3828,-147.3219,53
Dickson,36.0633,-87.3688,53
Torrance,33.8305,-118.3566,53
Butte Creek Canyon,39.7445,-121.7071,53
Eatonton,33.3258,-83.3889,53
Elyria,41.3782,-82.1045,53
Los Lunas,34.8009,-106.7887,53
Del Rio,29.3730,-100.8819,52
Bainbridge,30.9049,-84.5730,52
Bowie,38.9547,-76.7388,52
Yorkville,41.6617,-88.4286,52
Westland,42.3192,-83.3808,52
Tuckahoe,37.5873,-77.5882,52
Sammamish,47.5943,-122.0381,52
Cherokee Village,36.2913,-91.5694,52
Rosanky,29.9533,-97.3119,52
Hoopa,41.0796,-123.6977,52
Delaware,40.2865,-83.0749,52
Byram,32.1921,-90.2870,52
Mineral Wells,32.8235,-98.0788,52
Manhattan,39.1883,-96.6059,52
Spartanburg,34.9456,-81.9259,52
Timberwood Park,29.7007,-98.4832,52
Greenfield,45.0941,-93.6908,52
Chanhassen,44.8543,-93.5624,52
Paducah,37.0709,-88.6445,52
North Adams,42.6756,-73.1181,52
Park Hills,37.8170,-90.4999,52
Mount Pleasant,33.1582,-94.9745,52
Briar,33.0190,-97.5754,52
Solon,41.3860,-81.4408,52
Vandiver,33.4589,-86.5292,52
Lake Wales,27.9207,-81.5995,52
Timberon,32.6363,-105.6952,52
Fort Knox,37.8916,-85.9672,52
Fountain Hills,33.6078,-111.7384,52
Hyampom,40.6262,-123.4688,52
Ulm,47.4214,-111.5233,52
Marion,35.2042,-90.2067,52
Milledgeville,33.0879,-83.2406,52
Rader Creek,45.8455,-112.3160,52
Sylacauga,33.1887,-86.2748,52
Anderson Creek,35.2771,-78.9602,52
Southbridge Town,42.0597,-72.0339,52
Belton,31.0523,-97.4795,52
Forrest City,35.0136,-90.7932,52
Hampstead,34.3625,-77.7543,52
Chumuckla,30.7881,-87.2260,52
Mowbray Mountain,35.2751,-85.2226,52
Tucker,33.8452,-84.2021,52
Gallup,35.5138,-108.7437,52
Norton,41.0289,-81.6455,52
Grays River,46.3679,-123.5813,52
Humboldt River Ranch,40.4318,-118.2719,52
Mankato,44.1711,-93.9750,52
Lawrence,39.8660,-85.9896,52
Mayer,34.4233,-112.2407,52
Klamath Falls,42.2188,-121.7787,52
Vestavia Hills,33.4625,-86.7395,52
Beavercreek,45.2810,-122.5085,52
Madera,36.9662,-120.0859,52
Kipnuk,59.9375,-164.0622,51
Lucerne,43.7180,-108.1847,51
East End,34.5545,-92.3275,51
San Ramon,37.7653,-121.9320,51
Fort Denaud,26.7227,-81.5541,51
Parma,41.3836,-81.7286,51
Edwardsville,38.7908,-89.9886,51
Hueytown,33.4086,-87.0166,51
Lewiston,40.6969,-122.8225,51
Longbranch,47.2236,-122.7669,51
New Bedford,41.6613,-70.9379,51
Tutuilla,45.6142,-118.7065,51
Germantown,35.0820,-89.7826,51
Tselakai Dezza,37.2100,-109.6091,51
Harris,45.5978,-92.9886,51
Yorba Linda,33.8890,-117.7721,51
Wake Forest,35.9637,-78.5117,51
Batesville,34.3210,-89.9249,51
Staunton,38.1580,-79.0619,51
El Paso de Robles (Paso Robles),35.6285,-120.6504,51
Magna,40.7595,-112.1827,51
Pontiac,42.6492,-83.2874,51
Findlay,41.0474,-83.6381,51
Newnan,33.3758,-84.7773,51
Twin Falls,42.5638,-114.4606,51
Whale Pass,56.0821,-133.0675,51
Malibu,34.0259,-118.7596,51
Northlake,33.0738,-97.2562,51
Rocklin,38.8069,-121.2497,51
Laconia,43.5765,-71.4823,51
Westover,33.3673,-86.5340,51
Lathrop,37.8087,-121.3178,51
Altamont,35.4339,-85.7386,51
Sand Springs,36.1365,-96.1320,51
Fuquay-Varina,35.6089,-78.7730,51
Andalusia,31.3094,-86.4780,51
Blacksburg,37.2313,-80.4267,51
Fishersville,38.1023,-78.9862,51
Aquasco,38.5915,-76.6971,51
Holly Springs,35.6520,-78.8432,51
Walnut Creek,37.9027,-122.0405,51
Beaverton,45.4781,-122.8171,51
Lake Jackson,29.0509,-95.4512,51
Rock Springs,41.5947,-109.2209,51
Evergreen,31.4332,-86.9761,51
Green Valley,31.8408,-111.0045,51
Monroeville,40.4263,-79.7614,51
Keefton,35.5785,-95.3063,51
Buckhall,38.7156,-77.4470,51
Camarillo,34.2218,-119.0322,50
Apollo Beach,27.7630,-82.4033,50
Union City,33.5938,-84.5626,50
Oasis,33.5275,-116.1261,50
Middleburg,30.0502,-81.9011,50
Shelbyville,35.5013,-86.4529,50
Avon,39.7607,-86.3941,50
Pewaukee,43.0661,-88.2445,50
Red Oak,36.0613,-77.9038,50
Cibola,33.3741,-114.6763,50
DeLand,29.0227,-81.2865,50
The Village of Indian Hill,39.1886,-84.3360,50
Glendora,34.1450,-117.8478,50
Johnston,41.6919,-93.7245,50
Santa Barbara,34.4036,-119.7137,50
Hephzibah,33.2923,-82.0957,50
Mason,39.3607,-84.2959,50
Avenal,36.0311,-120.1162,50
Fort Mill,35.0060,-80.9400,50
Palestine,31.7545,-95.6470,50
Brecksville,41.3072,-81.6199,50
Brunswick,43.8875,-69.9426,50
Hawaiian Acres,19.5325,-155.0497,50
Cranberry Lake,44.1809,-74.8683,50
Gunter,33.4163,-96.8208,50
Stockbridge,33.5294,-84.2331,50
Romeoville,41.6279,-88.1012,50
Union City,37.6028,-122.0188,50
Schaumburg,42.0289,-88.0838,50
Ada,34.7679,-96.6691,50
Fort Cavazos,31.1369,-97.7849,50
Fort Covington,44.9758,-74.4999,50
Payson,34.2438,-111.3190,50
Temescal Valley,33.7580,-117.4672,50
Redwood City,37.5153,-122.2137,50
Pedro Bay,59.7895,-154.1413,50
Panama City Beach,30.2332,-85.8771,50
Maltby,47.8021,-122.1062,50
Gainesville,33.6386,-97.1484,49
Port Royal,32.3554,-80.7003,49
Locust Grove,33.3388,-84.1016,49
Coleville,38.5806,-119.5029,49
Dunnavant,33.4952,-86.5402,49
Fond du Lac,43.7722,-88.4403,49
Morganton,35.7408,-81.7003,49
Fort Indiantown Gap,40.4444,-76.5821,49
Wausau,44.9618,-89.6465,49
Drexel Heights,32.1453,-111.0481,49
Lexington,35.7972,-80.2743,49
Ashville,33.8352,-86.2700,49
Woodlawn,36.7388,-80.8095,49
Grand Ronde,45.0738,-123.6210,49
Kernersville,36.1062,-80.0819,49
Clermont,28.5241,-81.7236,49
Madison Heights,37.4503,-79.1082,49
Marshalltown,42.0343,-92.9063,49
Post Falls,47.7256,-116.9442,49
Descanso,32.8696,-116.6279,49
Big Spring,32.2383,-101.4857,49
Lancaster,39.7252,-82.6052,49
Penn Hills,40.4782,-79.8291,49
Erie,42.1166,-80.0735,49
Southside,33.8908,-86.0180,49
Topanga,34.0968,-118.6060,49
Marianna,30.7945,-85.2284,49
Bethlehem,40.6264,-75.3679,49
Blue Ridge,34.6407,-111.1074,49
Mead Valley,33.8333,-117.2852,49
Belen,34.7666,-106.8085,49
Tribbey,35.1038,-97.1056,49
Montrose,38.4688,-107.8590,49
Buford,34.1186,-83.9886,49
Encinitas,33.0506,-117.2636,49
Stokesdale,36.2281,-79.9774,49
Lone Pine,36.5744,-118.0806,49
Granite City,38.7293,-90.1255,49
Crown Point,41.4091,-87.3470,49
Winona,44.0513,-91.6681,49
Carmel Valley Village,36.5006,-121.7318,49
Maysville,38.6500,-83.7930,49
Vista,33.1895,-117.2386,49
Crystal Lake,42.2332,-88.3344,49
Pine Mountain Lake,37.8595,-120.1817,49
Land O' Lakes,28.2083,-82.4458,49
Lacey,47.0431,-122.7982,49
DeBary,28.8814,-81.3243,49
Fort Hancock,31.2893,-105.8451,49
Grove City,39.8664,-83.0670,49
Massillon,40.7845,-81.5252,49
Crestview,30.7479,-86.5793,48
New Fairview,33.1091,-97.4346,48
Pecan Acres,32.9679,-97.4790,48
North Attleborough Town,41.9705,-71.3349,48
Baxter,46.3439,-94.2760,48
Porterville,36.0635,-119.0336,48
Englewood,26.9687,-82.3479,48
Seagoville,32.6534,-96.5451,48
Hobart,47.4118,-122.0053,48
Cleveland,30.3382,-95.0903,48
Dewey-Humboldt,34.5174,-112.2497,48
Clarksdale,34.1938,-90.5686,48
Highfill,36.2744,-94.3239,48
Utqiaġvik,71.2644,-156.7537,48
Largo,27.9087,-82.7742,48
Virginia,47.5280,-92.5176,48
College,64.8673,-147.8195,48
Redmond,44.2607,-121.1824,48
Shelby,33.1069,-86.5854,48
Vineyard,38.4740,-121.3240,48
Roanoke,33.1453,-85.3695,48
Cameron,35.8532,-111.4286,48
Carson,33.8404,-118.2496,48
Kettering,39.6960,-84.1504,48
Bargersville,39.5426,-86.2032,48
Howard,44.5686,-88.0717,48
New Haven,41.3108,-72.9250,48
Normal,40.5201,-88.9922,48
Oak Island,33.9151,-78.1190,48
Pittsburg,38.0177,-121.9004,48
Kilgore,32.3967,-94.8600,48
Orem,40.2981,-111.6995,48
La Porte,29.6674,-95.0491,48
Canton,34.2472,-84.4907,48
Leona Valley,34.6081,-118.3013,48
Tecopa,35.8206,-116.2051,48
South Hill,47.1207,-122.2853,48
North Key Largo,25.2608,-80.3216,48
Highland,34.1135,-117.1657,48
Madisonville,37.3393,-87.5037,48
Bloomfield,36.7433,-107.9739,48
Tainter Lake,44.9891,-91.8482,48
Two Strike,43.2164,-100.9082,48
Little Elm,33.1925,-96.9200,47
Clayton,39.8695,-84.3254,47
Day Valley,37.0254,-121.8559,47
Montauk,41.0475,-71.9464,47
Loma Rica,39.3203,-121.4038,47
Miami Gardens,25.9489,-80.2436,47
Laurel,31.6912,-89.1483,47
Watertown,44.9092,-97.1557,47
West Point,41.3607,-74.0197,47
Lake Don Pedro,37.6414,-120.3644,47
Providence,41.8231,-71.4188,47
Church Rock,35.5691,-108.5730,47
Hanford,36.3281,-119.6548,47
Southern Pines,35.1950,-79.4021,47
Gateway,61.5669,-149.2227,47
Keller,32.9329,-97.2245,47
Keokea,20.7210,-156.3624,47
Potosi,32.3358,-99.6843,47
San Clemente,33.4491,-117.6131,47
Searcy,35.2411,-91.7352,47
Paradise,39.7542,-121.6064,47
Severn,39.1356,-76.6956,47
Butte Valley,39.6688,-121.6459,47
Santa Clara,37.3646,-121.9680,47
Kinston,35.2751,-77.5934,47
Port Isabel,26.0658,-97.3100,47
Sedona,34.8585,-111.7931,47
Columbiana,33.1915,-86.6156,47
Bay Minette,30.8903,-87.7928,47
New Albany,34.4923,-89.0217,47
Ruskin,27.7068,-82.4222,47
Emigration Canyon,40.7886,-111.7414,47
Lumberton,34.6306,-79.0186,47
Olympia,47.0406,-122.8950,47
Altus,34.6571,-99.3090,47
Mishawaka,41.6766,-86.1654,47
Clarksville,35.4539,-93.4816,47
Northport,33.2576,-87.5964,47
Globe,33.3936,-110.7411,47
Albemarle,35.3581,-80.1912,47
Muscatine,41.4191,-91.0679,47
Ponca City,36.7204,-97.0660,47
Boulder Flats,42.9156,-108.7993,47
Broussard,30.1374,-91.9558,47
North Richland Hills,32.8606,-97.2191,47
Liberty Triangle,29.0758,-82.2193,47
Seldovia Village,59.4613,-151.5888,46
Moses Lake,47.1279,-119.2764,46
Meggett,32.6897,-80.2576,46
Norfolk,42.0282,-97.4278,46
Laramie,41.3115,-105.6069,46
Danville,37.6393,-84.7760,46
Logan,41.7403,-111.8418,46
Rush Valley,40.3613,-112.4506,46
Marion,42.0446,-91.5862,46
Danville,37.8121,-121.9698,46
Weirton,40.4063,-80.5656,46
Napa,38.2979,-122.3007,46
Kinnelon,40.9820,-74.3859,46
Indian Springs,36.5718,-115.7203,46
Picayune,30.5308,-89.6706,46
Copperas Cove,31.1196,-97.9144,46
McLoud,35.4122,-97.1066,46
Fairview,35.9824,-87.1270,46
East Hartford,41.7607,-72.6076,46
Yonkers,40.9459,-73.8674,46
Buckingham,26.6455,-81.7474,46
Cedar Creek,30.0823,-97.5111,46
Guthrie,35.8765,-97.4087,46
Fort McDermitt,41.9655,-117.6395,46
Marysvale,38.4366,-112.2620,46
Garden Grove,33.7788,-117.9605,46
Manitowoc,44.0980,-87.6789,46
Princeton,40.3582,-74.6667,46
Goshen,41.5739,-85.8300,46
Anna,33.3482,-96.5535,46
Tontitown,36.1674,-94.2421,46
Sikeston,36.8837,-89.5872,46
Fort Bliss,31.8397,-106.3747,46
Blackwater,33.0396,-111.5799,46
Albany,44.6269,-123.0967,46
Vidalia,32.2121,-82.4022,46
Mescalero,33.1346,-105.7999,46
Economy,40.6437,-80.1863,46
Calvert City,37.0464,-88.3955,46
Danville,40.1426,-87.6107,46
South Brooksville,28.5142,-82.4376,46
Georgetown,38.2602,-84.5349,46
Moapa Town,36.6925,-114.6356,46
Athens,32.2026,-95.8308,46
Penrose,38.4213,-105.0004,46
Elko,40.8381,-115.7678,46
Maryville,35.7478,-83.9802,46
Newton,42.3318,-71.2084,46
DeKalb,41.9282,-88.7476,46
Chisago City,45.3723,-92.9167,46
Kirkland,47.6967,-122.2042,46
McAlester,34.9261,-95.7736,46
Big Beaver,40.8226,-80.3577,46
Mont Belvieu,29.8500,-94.8747,46
Independence,38.9574,-84.5474,46
Winfield,33.9347,-87.7913,46
Spanish Fork,40.1131,-111.6429,46
Galesburg,40.9502,-90.3766,46
Galena,64.7414,-156.8734,45
Tumwater,46.9895,-122.9173,45
Demopolis,32.4997,-87.8267,45
Moose Pass,60.5059,-149.4684,45
Manton,40.4267,-121.8504,45
Beatty,36.9962,-116.7235,45
Lake Arrowhead,34.2540,-117.1781,45
Durango,37.2645,-107.8741,45
Etowah,35.3044,-82.5887,45
Mission Viejo,33.6093,-117.6565,45
Sunshine,32.1344,-107.7838,45
Marysville,40.2183,-83.3449,45
Lewiston,46.3931,-116.9935,45
Hackberry,35.3401,-113.7256,45
Allentown,40.5936,-75.4784,45
LaBarque Creek,38.4170,-90.6799,45
Blakely,31.3809,-84.9271,45
Lincoln,46.9534,-112.6715,45
Weddington,35.0221,-80.7354,45
Fallbrook,33.3742,-117.2204,45
Rock Island,41.4694,-90.5853,45
New Market,34.8923,-86.4258,45
On Top of the World,29.1058,-82.2866,45
South Glastonbury,45.3121,-110.8080,45
Carbondale,37.7221,-89.2237,45
Moodys,36.0341,-94.9564,45
Whitesboro,34.1690,-86.0585,45
Stevens Point,44.5253,-89.5504,45
Wooster,40.8191,-81.9316,45
Alva,26.7215,-81.6243,45
Fayetteville,33.1681,-86.4428,45
Bemidji,47.4870,-94.8827,45
Beloit,42.5235,-89.0177,45
Valparaiso,41.4798,-87.0523,45
Rochester,42.7329,-88.2503,45
Hartford,41.7659,-72.6816,45
Sebastian,27.7792,-80.4827,45
Warner Valley,40.4044,-121.3406,45
Rail Road Flat,38.3356,-120.5501,45
Saginaw,43.4177,-83.9547,45
Jenks,35.9982,-95.9734,45
Awendaw,32.9679,-79.6548,44
Damascus,45.4264,-122.4430,44
Sicklerville,39.7425,-74.9902,44
Palm Harbor,28.0848,-82.7576,44
Holbrook,34.9046,-110.1672,44
Harrisonburg,38.4363,-78.8733,44
Calhoun,34.4998,-84.9331,44
Flat Top Mountain,35.3319,-85.2000,44
Dyersburg,36.0468,-89.3780,44
Burbank,34.1901,-118.3264,44
Irondale,33.5399,-86.6591,44
Glen Burnie,39.1563,-76.6070,44
Raymore,38.8033,-94.4583,44
Tonawanda Town,42.9851,-78.8758,44
Spokane Creek,46.5343,-111.7391,44
Burneyville,33.8901,-97.2924,44
Spearfish,44.4914,-103.8163,44
Helena,46.5955,-112.0187,44
Granbury,32.4328,-97.7751,44
Coarsegold,37.2392,-119.7010,44
Clayton,35.6581,-78.4460,44
Alexandria,45.8772,-95.3770,44
Klamath,41.5729,-124.0556,44
Okmulgee,35.6252,-95.9540,44
Lake Forest,42.2353,-87.8573,44
Winslow West,34.9926,-110.7068,44
Grand Canyon West,36.0044,-113.8041,44
Westbrook,43.7079,-70.3526,44
Orange,41.2850,-73.0246,44
Polkville,32.1909,-89.6960,44
Evaro,47.0739,-114.0260,44
North Platte,41.1250,-100.7504,44
Hyder,55.9815,-130.0382,44
Chaska,44.8164,-93.6100,44
Edwards AFB,34.9024,-117.9219,44
Biddle,45.1051,-105.3115,44
Halchita,37.1506,-109.9037,44
Matthews,35.1198,-80.7097,44
Edgewood,39.4203,-76.2968,44
Havelock,34.9089,-76.8995,44
Green Valley,39.3418,-77.2403,44
Brownsburg,39.8344,-86.3857,44
Ekwok,59.3460,-157.4870,44
Stow,41.1763,-81.4365,44
Archbald,41.5064,-75.5505,44
Birch Bay,48.9234,-122.7453,44
Mims,28.6913,-80.8440,44
Aztec,36.8159,-107.9703,44
Tuskegee,32.4187,-85.6825,44
Lakewood,47.1641,-122.5281,44
Woodland,38.6714,-121.7490,44
Owasso,36.2872,-95.8354,44
Maplewood,45.0190,-93.0311,44
Brunswick,31.1361,-81.4669,44
Cedar Creek,33.8914,-110.1957,44
Germantown,39.1743,-77.2638,44
Winter Park,39.8787,-105.7829,44
Tees Toh,35.4860,-110.4056,44
Glencoe,33.9483,-85.9336,44
Greeneville,36.1680,-82.8197,44
Santa Fe,29.3876,-95.1015,43
Shady Grove,35.4685,-95.4115,43
Wilmington,42.5646,-71.1645,43
Merritt Island,28.3092,-80.6760,43
Eagle Village,64.7417,-141.1171,43
Asbury Lake,30.0490,-81.7876,43
Weslaco,26.1605,-97.9877,43
Holland,42.7670,-86.0986,43
Kykotsmovi Village,35.8102,-110.6568,43
Petal,31.3482,-89.2351,43
Bensville,38.6129,-77.0049,43
Henderson,37.8384,-87.5810,43
Happy Valley,40.4661,-122.4180,43
Campton Hills,41.9502,-88.4170,43
Trinity,35.8768,-80.0104,43
Fairburn,33.5478,-84.5873,43
Cayce,33.9505,-81.0398,43
Ingleside,27.8706,-97.2079,43
Apple Valley,44.7453,-93.1994,43
Marion,48.0865,-114.6796,43
Coeur d'Alene,47.7029,-116.7958,43
Muscle Shoals,34.7427,-87.6338,43
Thomasville,35.8813,-80.0815,43
North Merritt Island,28.4611,-80.7131,43
Okemos,42.7091,-84.4143,43
Pine Mountain Club,34.8409,-119.1685,43
Castro Valley,37.7083,-122.0628,43
Williamstown,38.6398,-84.5725,43
Jamul,32.7184,-116.8709,43
Legend Lake,44.8951,-88.5431,43
Tusayan,35.9550,-112.1202,43
Ridgeway,60.5308,-151.0521,43
Samsula-Spruce Creek,29.0516,-81.0625,43
Evadale,30.3266,-94.0520,43
Carolina Forest,33.7664,-78.9135,43
Turlock,37.5055,-120.8593,43
Ragland,33.7483,-86.1359,43
San Diego Country Estates,33.0094,-116.7873,43
Channahon,41.4228,-88.2630,43
Moline,41.4823,-90.4934,43
Harrison,41.0235,-73.7193,43
Weymouth Town,42.2073,-70.9437,43
Howard,38.4098,-105.8424,43
Oak Ridge,36.1741,-79.9922,43
Hartselle,34.4404,-86.9404,43
Levelock,59.0683,-156.9010,43
West Springfield Town,42.1255,-72.6497,43
Koliganek,59.6928,-157.2181,43
Pinehurst,35.1911,-79.4698,43
Utica,43.0964,-75.2260,43
Deming,32.2631,-107.7525,43
Lake Forest,33.6549,-117.6758,43
Moultrie,31.1794,-83.7908,43
Woods Landing-Jelm,41.1015,-106.0288,43
Fort Mohave,35.0004,-114.5749,43
Greenwood,34.1954,-82.1537,43
Walnut Ridge,36.0848,-90.9468,43
Big Flats,42.1636,-76.9087,43
Kirtland,41.5964,-81.3394,43
Plain View,35.2440,-78.5602,43
Idabel,33.9074,-94.8222,43
Pelham,35.3341,-85.8703,43
Diamond Springs,38.6920,-120.8387,43
Auburn Hills,42.6747,-83.2436,43
Keams Canyon,35.8208,-110.2037,43
LeChee,36.8609,-111.4244,43
Arlington Heights,42.0974,-87.9817,43
Redmond,47.6779,-122.1153,42
San Rafael,37.9810,-122.5069,42
Eastern Goleta Valley,34.4439,-119.7855,42
Jefferson Hills,40.2972,-79.9425,42
Lakes of the North,44.9300,-84.8851,42
Gilroy,37.0064,-121.5853,42
Quincy,42.2610,-71.0090,42
Dilkon,35.3529,-110.3071,42
Aberdeen,45.4647,-98.4681,42
Yuba City,39.1298,-121.6415,42
Bonny Doon,37.0436,-122.1370,42
Jesup,31.5946,-81.8957,42
Rockport,28.0476,-97.0500,42
Santee,32.8550,-116.9861,42
Severna Park,39.0866,-76.5649,42
Sunnyvale,32.7998,-96.5585,42
Marble Falls,30.5602,-98.2773,42
Camden,33.5677,-92.8491,42
Berea,37.5893,-84.2945,42
Hopkins,33.9002,-80.8568,42
Anderson,34.5215,-82.6435,42
Skidaway Island,31.9378,-81.0464,42
Huntington,38.4107,-82.4347,42
Winter Garden,28.5412,-81.5970,42
St. Simons,31.1801,-81.3854,42
Smithville,39.3969,-94.5710,42
Edwardsville,33.8837,-85.4141,42
South Burlington,44.4366,-73.1811,42
Lexington,42.4452,-71.2300,42
Oakleaf Plantation,30.1740,-81.8364,42
Naugatuck,41.4878,-73.0516,42
Darnestown,39.0887,-77.3118,42
Dublin,32.5355,-82.9288,42
Helena Valley Northwest,46.7295,-112.0581,42
Pequot Lakes,46.5881,-94.2880,42
Pymatuning Central,41.5884,-80.4784,42
Scenic,36.7936,-114.0128,42
Laughlin,35.1404,-114.6166,42
Shepherdsville,37.9814,-85.7020,42
Loves Park,42.3378,-88.9986,42
Lockhart,29.8778,-97.6826,42
Brimhall Nizhoni,35.7905,-108.6299,42
Centennial,41.3068,-106.1376,42
Prior Lake,44.7256,-93.4409,42
Chinle,36.1511,-109.5787,42
Latimer,30.4873,-88.8485,42
Remlap,33.8070,-86.5939,42
Venice,27.1170,-82.4152,42
Peabody,42.5343,-70.9694,42
Red Oak,32.5096,-96.7840,42
Fish Hawk,27.8493,-82.2151,41
Oswego,41.6832,-88.3388,41
Pinellas Park,27.8589,-82.7082,41
El Dorado,33.2190,-92.6641,41
Carlisle-Rockledge,34.1145,-86.1241,41
Sunrise,26.1716,-80.2616,41
Nicut,35.6024,-94.5629,41
Unicoi,36.2218,-82.3292,41
Old Harbor,57.2186,-153.3279,41
Sheboygan,43.7387,-87.7315,41
Sanibel,26.4510,-82.1057,41
Olney,39.1443,-77.0714,41
Smyrna,33.8626,-84.5161,41
Apison,35.0049,-85.0097,41
Tinley Park,41.5686,-87.8042,41
West Fargo,46.8564,-96.9048,41
Peachtree Corners,33.9671,-84.2323,41
Heflin,33.6474,-85.5693,41
Boynton Beach,26.5283,-80.0807,41
Ruidoso,33.3495,-105.6688,41
Glasgow,37.0048,-85.9259,41
Sea Ranch,38.7253,-123.4583,41
Fruit Cove,30.0968,-81.6211,41
Cañon,35.6718,-106.7527,41
Euless,32.8494,-97.0786,41
Kendall,25.6695,-80.3547,41
Emerald Mountain,32.4477,-86.0944,41
Vista Santa Rosa,33.6215,-116.2088,41
West Kootenai,48.9632,-115.2193,41
Port Wentworth,32.1920,-81.2057,41
New Lenox,41.5100,-87.9700,41
Bridgeport,41.1874,-73.1958,41
Healdton,34.2315,-97.4872,41
Ottumwa,41.0223,-92.4233,41
Sandy Hook,41.4090,-73.2426,41
Elk City,35.3896,-99.4287,41
Springfield,44.0537,-122.9807,41
Graysville,33.6338,-86.9414,41
Hazelwood,38.7947,-90.3960,41
West Covina,34.0559,-117.9099,41
Forney,32.7426,-96.4529,41
Horn Lake,34.9521,-90.0492,41
Derry,42.8876,-71.2820,41
Seymour,35.8827,-83.7616,41
Hannibal,39.7102,-91.3940,41
Fort Dodge,42.5099,-94.1757,41
Noatak,67.5891,-163.0118,41
Republic,37.1686,-93.4131,41
Pekin,40.5688,-89.6240,41
Dulac,29.4008,-90.6932,41
Farragut,35.8762,-84.1800,41
Timberlake,35.1901,-108.4764,41
Bel Air North,39.5534,-76.3729,41
Southern Ute,37.0749,-107.5933,41
Warren,41.2396,-80.8160,41
Lemmon Valley,39.6874,-119.8332,41
Dadeville,32.8261,-85.7762,41
Westlake,41.4495,-81.9302,41
Social Circle,33.6461,-83.7128,41
Travilah,39.0593,-77.2506,41
Lake Mathews,33.8250,-117.3683,41
Delray Beach,26.4559,-80.0904,41
Quincy,39.9337,-91.3793,41
Orono,44.9610,-93.5877,41
Kaibito,36.5920,-111.1071,41
Arden-Arcade,38.6006,-121.3846,41
Oakville,38.4498,-90.3184,41
Sayreville,40.4669,-74.3202,41
Whitestown,39.9717,-86.3717,41
Oracle,32.6084,-110.7823,41
Oakley,37.9961,-121.6936,41
Sweetwater,35.4150,-99.9203,41
Natchez,31.5424,-91.3856,41
Fleming Island,30.0990,-81.7119,41
Rainbow Lakes Estates,29.1605,-82.5097,41
Westerly,41.3733,-71.8068,41
Allakaket,66.5419,-152.5830,40
Oneonta,33.9470,-86.4898,40
East Lake-Orient Park,28.0044,-82.3647,40
Bulverde,29.7745,-98.4350,40
O'Fallon,38.6000,-89.9154,40
Farmington,44.6592,-93.1687,40
Lowrey,36.1000,-94.9309,40
Costa Mesa,33.6659,-117.9123,40
San Rafael,35.0982,-107.9049,40
San Benito,26.1294,-97.6440,40
Casa Blanca,33.1155,-111.9081,40
Covington,33.6054,-83.8466,40
Monroe,39.4460,-84.3658,40
Haiku-Pauwela,20.9209,-156.3019,40
Semmes,30.7962,-88.2476,40
Cahokia Heights,38.5721,-90.1553,40
Brighton,40.6107,-111.6039,40
Waikoloa Village,19.9442,-155.8053,40
Luther,35.6682,-97.1905,40
Sun City Center,27.7144,-82.3558,40
Franklin,39.4956,-86.0502,40
Dix Hills,40.8033,-73.3375,40
Ocoee,28.5788,-81.5330,40
First Mesa,35.8317,-110.3689,40
Bartlett,41.9606,-88.1777,40
Faribault,44.2997,-93.2789,40
Lazy Y U,35.1369,-113.9685,40
Marion,40.5500,-85.6604,40
Creola,30.8742,-88.0095,40
Conehatta,32.4666,-89.2669,40
Wilhoit,34.4082,-112.6156,40
Whiteriver,33.8398,-109.9608,40
Gardiner,44.1951,-69.7938,40
Alton,38.9039,-90.1512,40
Tenkiller,35.8025,-94.8523,40
Monroe,33.7975,-83.7187,40
West Bend,43.4175,-88.1817,40
Animas,31.9449,-108.8065,40
Portsmouth,43.0606,-70.7803,40
Grape Creek,31.5817,-100.5474,40
Huslia,65.6962,-156.3383,40
Holt,42.6421,-84.5308,40
White Mesa,37.4596,-109.4600,40
Luverne,31.7189,-86.2691,40
Pea Ridge,33.1338,-86.9379,40
Jackson,31.5323,-87.8912,40
Bonner Springs,39.0754,-94.8717,40
Harker Heights,31.0567,-97.6442,40
Geneva,31.0433,-85.8758,40
Frankfort,41.5070,-87.8710,40
Savage,44.7591,-93.3642,40
Taos Pueblo,36.4657,-105.5634,40
Lucas,33.1010,-96.5812,40
Homestead Meadows North,31.8483,-106.1707,40
New Albany,38.3122,-85.8240,40
Neosho,36.8455,-94.3764,40
Johnstown,40.3072,-104.9112,40
Upland,34.1161,-117.6599,40
Colton,34.0545,-117.3250,40
Statesboro,32.4377,-81.7756,40
Athens,35.4568,-84.6045,40
Senatobia,34.6086,-89.9810,40
Meridianville,34.8749,-86.5806,40
Oviedo,28.6619,-81.1871,40
Abbeville,31.5652,-85.2592,40
Patrick Springs,36.6343,-80.1985,40
Kanab,37.0260,-112.5237,40
Arecibo,18.4549,-66.7354,40
Nicholasville,37.8916,-84.5660,40
North Lakes,61.6184,-149.3107,40
West Chicago,41.8945,-88.2211,40
Van Buren,35.4512,-94.3540,40
Tinton Falls,40.2663,-74.0961,40
Racine,42.7256,-87.8142,40
Mead,40.2270,-104.9883,40
New City,41.1522,-73.9904,40
Edina,44.8911,-93.3598,40
Punta Gorda,26.8978,-82.0658,40
Silver Cliff,38.1292,-105.3992,40
Collinsville,38.6774,-90.0077,39
Coleraine,47.2587,-93.4539,39
High Rolls,32.9337,-105.8027,39
Brighton,43.1185,-77.5810,39
Freeport,28.9433,-95.3561,39
Haslett,42.7521,-84.3974,39
Bryans Road,38.6044,-77.0923,39
Paradise Valley,33.5522,-111.9613,39
Pascagoula,30.3601,-88.5563,39
Poquoson,37.1284,-76.3035,39
Reston,38.9498,-77.3462,39
Manchester,35.4641,-86.0729,39
Elba,31.4172,-86.0771,39
Carmichael,38.6308,-121.3256,39
Kobuk,66.9170,-156.9145,39
Lebec,34.8446,-118.8992,39
White Hall,32.2974,-86.7158,39
Peggs,36.0673,-95.0718,39
Hawaiian Paradise Park,19.5873,-154.9731,39
Ashburn,39.0273,-77.4713,39
Gravette,36.4283,-94.3685,39
Katy,29.7909,-95.8407,39
Hackleburg,34.2694,-87.8304,39
Taft,35.1267,-119.4242,39
Bunch,35.6989,-94.7402,39
Colonial Pine Hills,44.0137,-103.3150,39
Rocky Mountain,35.7903,-94.7713,39
Brewer,44.7845,-68.7346,39
Lookout Mountain,34.1159,-85.9655,39
Breckenridge,36.4572,-97.7255,39
Dublin,37.7161,-121.8962,39
Moss Bluff,30.3088,-93.2079,39
Reidsville,36.3379,-79.6772,39
Hawaiian Beaches,19.5446,-154.9289,39
Slidell,30.2889,-89.7829,39
Frederick,40.1059,-104.9745,39
Eagle Crest,44.2614,-121.2995,39
Purcell,35.0237,-97.3737,39
Nashwauk,47.3800,-93.1667,39
Uniontown,32.4466,-87.4873,39
Owatonna,44.0919,-93.2317,39
Kearney,40.7017,-99.0823,39
Somerset,37.0865,-84.6054,39
Jacksonville,31.9595,-95.2657,39
Portland,36.5975,-86.5266,39
Peeples Valley,34.2772,-112.7653,39
Gonzalez,30.5887,-87.2863,39
Kankakee,41.1017,-87.8637,39
Seba Dalkai,35.4789,-110.4511,39
Georgetown,38.9114,-120.8346,39
Schererville,41.4852,-87.4434,39
Franklin,36.7180,-86.5576,39
Leawood,38.9073,-94.6252,39
Louisville,33.1229,-89.0549,39
Fairfield Bay,35.6011,-92.2662,39
Riverhead,40.9513,-72.6761,39
Beverly,42.5567,-70.8450,39
Birney,45.4155,-106.4934,39
Homestead,25.4659,-80.4460,39
Jupiter Farms,26.9225,-80.2180,39
Nipomo,35.0307,-120.4978,39
Franklin,32.4527,-85.7854,39
Hastings,40.5963,-98.3903,39
Helena West Side,46.5962,-112.1165,38
Claremore,36.3151,-95.6095,38
La Moca Ranch,27.9032,-99.5105,38
McHenry,42.3362,-88.2917,38
Minden,32.6191,-93.2728,38
Pleasant Garden,35.9520,-79.7547,38
San Dimas,34.1080,-117.8085,38
Sedalia,38.7052,-93.2358,38
Stonewall,30.2536,-98.6609,38
Lafayette,37.8910,-122.1195,38
Mountain Top,41.1353,-75.9044,38
Tecumseh,35.2643,-96.9334,38
Irondequoit,43.2098,-77.5721,38
Dodge City,37.7607,-100.0179,38
Thomasville,30.8394,-83.9788,38
Colorado City,37.9394,-104.8431,38
Fairmont,43.6448,-94.4640,38
Shell Valley,48.8086,-99.8271,38
Oak Glen,34.0410,-116.9623,38
Cole,35.0985,-97.5627,38
Guin,33.9832,-87.9024,38
Waynesboro,38.0672,-78.9014,38
Wyboo,33.5657,-80.2153,38
Deerfield Beach,26.3117,-80.1254,38
Parkville,39.2144,-94.7043,38
Fairhope,30.5209,-87.8791,38
Sand Lake,44.3290,-83.6657,38
Old Jamestown,38.8349,-90.2851,38
Bay Springs,31.9780,-89.2796,38
Wenden,33.8325,-113.5432,38
Alexandria,38.8193,-77.0837,38
Silver Springs Shores,29.1119,-82.0146,38
Hutto,30.5410,-97.5430,38
Pasadena,39.1557,-76.5598,38
Louisville,35.8227,-84.0527,38
Brownwood,31.7129,-98.9771,38
Springer,34.2956,-97.1175,38
Winder,33.9916,-83.7236,38
Bushyhead,36.4617,-95.5052,38
Gardner,38.8090,-94.9206,38
Trinidad,32.1600,-96.1095,38
Kenner,30.0102,-90.2548,38
Alcoa,35.8148,-83.9681,38
Calimesa,33.9873,-117.0542,38
Kings Mountain,35.2330,-81.3514,38
Diamond Bar,34.0016,-117.8176,38
Ottawa,41.3540,-88.8234,38
Brentwood,37.9356,-121.7190,38
Winter Springs,28.6881,-81.2700,38
Grants,35.1542,-107.8323,38
Box Elder,44.1109,-103.0811,38
Newton,38.0377,-97.3450,38
Odenton,39.0663,-76.6938,38
Longview,46.1457,-122.9643,38
Cloud Creek,36.2938,-94.7544,38
Whittier,33.9668,-118.0201,38
Frankfort,38.1950,-84.8659,38
Orange Beach,30.2940,-87.5954,38
North Rock Springs,41.6691,-109.2879,38
Sault Ste. Marie,46.4762,-84.3705,38
Jardine,45.0565,-110.6186,38
Jersey City,40.7114,-74.0648,38
East Point,33.6711,-84.4734,38
Laguna Niguel,33.5287,-117.7013,38
Sunland Park,31.8236,-106.6003,38
Grandview,38.8814,-94.5227,38
Pumpkin Hollow,36.0060,-94.8414,38
Prestonsburg,37.6816,-82.7659,38
Christiansburg,37.1407,-80.4045,38
Harold,30.6738,-86.8474,38
Delano,35.7664,-119.2642,38
Cove,41.9683,-111.7794,38
Sarasota,27.3383,-82.5437,38
Bay St. Louis,30.3234,-89.3588,38
Clifton,33.0296,-109.2840,38
Nassau Village-Ratliff,30.5108,-81.8088,37
Mount Vernon,38.3142,-88.9175,37
Huntley,42.1608,-88.4355,37
Downers Grove,41.7950,-88.0211,37
Villa Rica,33.7284,-84.9167,37
Lebanon,37.6721,-92.6597,37
Cut Off,29.5163,-90.3297,37
Key Center,47.3306,-122.7549,37
St. James City,26.5426,-82.1020,37
Indian Hills,39.0916,-119.7975,37
Jim Thorpe,40.8572,-75.7763,37
East Moline,41.5199,-90.3879,37
Eagle Pass,28.7011,-100.4762,37
La Porte,41.6109,-86.7148,37
Sun Valley,39.6103,-119.7771,37
Fairborn,39.7996,-84.0085,37
Reserve,30.0730,-90.5550,37
Bridgeton,38.7733,-90.4170,37
Boaz,34.1990,-86.1552,37
Lewisville,36.1052,-80.4246,37
Corvallis,44.5699,-123.2783,37
Salem,37.2853,-80.0552,37
El Cajon,32.8017,-116.9605,37
Martinez,33.5204,-82.1012,37
Union Hall,37.0221,-79.6808,37
Wytheville,36.9534,-81.0884,37
LaBelle,26.7210,-81.4525,37
Kirby,34.2543,-93.6549,37
Northwest Harbor,41.0138,-72.2204,37
Springville,40.1643,-111.6195,37
Lake City,30.1886,-82.6422,37
Glenview,42.0852,-87.8274,37
Jacksonboro,32.7718,-80.4769,37
Houma,29.5787,-90.7080,37
Tyndall AFB,30.0894,-85.5991,37
St. Charles,41.9194,-88.3107,37
Socorro,34.0545,-106.9062,37
Indiantown,27.0401,-80.4882,37
New Beaver,40.8807,-80.3814,37
Douglas,31.5061,-82.8543,37
Bellevue,44.4608,-87.9559,37
Lago Vista,30.4526,-97.9910,37
Ponderosa Park,39.3986,-104.6352,37
Carytown,37.2615,-94.3345,37
Long Hollow,45.6835,-97.1586,37
San Juan Capistrano,33.5009,-117.6544,37
Coppell,32.9633,-96.9906,37
Bull Run,38.8398,-77.4898,37
Millbrook,32.5015,-86.3739,37
Princeton,33.1845,-96.5094,37
North Weeki Wachee,28.5536,-82.5549,37
Sun City,33.6155,-112.2831,37
Goodlettsville,36.3330,-86.7042,37
Petaluma,38.2423,-122.6288,37
Belton,38.8187,-94.5296,37
Channelview,29.7930,-95.1145,37
Burlington,40.8071,-91.1237,37
Marion,37.7344,-88.9412,37
Niceville,30.5288,-86.4760,37
Topaz Ranch Estates,38.7357,-119.5008,37
Fergus Falls,46.2850,-96.0761,37
Kirksville,40.1982,-92.5746,37
Kahului,20.8685,-156.4656,37
Gallant,34.0013,-86.2302,37
Puyallup,47.1790,-122.2915,37
Bradenton,27.4898,-82.5768,37
Cheat Lake,39.6636,-79.8481,37
Fort Drum,44.0447,-75.7878,37
Horseshoe Bay,30.5408,-98.3806,37
Garden City,32.0872,-81.1766,37
Busby,45.5256,-106.9775,37
Camas,45.6018,-122.4304,37
Indian Wells,33.6999,-116.3295,37
Hershey,40.2800,-76.6443,37
Teec Nos Pos,36.9333,-109.0641,37
Garyville,30.0657,-90.6347,37
DeFuniak Springs,30.7061,-86.1186,36
Centerton,36.3551,-94.2977,36
Hammond,30.5056,-90.4565,36
Schriever,29.7287,-90.8354,36
La Jara,36.1055,-106.9419,36
Lewisburg,35.4516,-86.7907,36
Round Rock,36.5043,-109.4632,36
Collinsville,32.4873,-88.8443,36
Newton,31.3412,-85.5883,36
Damascus,39.2710,-77.1968,36
Willmar,45.1210,-95.0587,36
Malvern,31.1437,-85.5230,36
Des Plaines,42.0344,-87.9011,36
Dale City,38.6498,-77.3459,36
Greenfield,39.7933,-85.7725,36
Lake Hallie,44.8917,-91.4203,36
Eden,36.5030,-79.7400,36
West Mifflin,40.3577,-79.9054,36
Citrus Heights,38.6948,-121.2880,36
Hilliard,40.0347,-83.1578,36
Spanish Valley,38.4743,-109.4210,36
Wentworth,36.4012,-79.7569,36
Puerto de Luna,34.8297,-104.6222,36
Middlebury,44.0079,-73.1576,36
Seminole,35.2348,-96.6493,36
Towson,39.3942,-76.6178,36
Madison,38.6863,-90.1018,36
Daleville,31.2915,-85.7117,36
Muskegon,43.2265,-86.2572,36
Catalina,32.4848,-110.8997,36
East Chicago,41.6481,-87.4529,36
Newport,43.3649,-72.1766,36
Lake Koshkonong,42.8605,-88.9401,36
Palatine,42.1165,-88.0444,36
Nageezi,36.2463,-107.7512,36
Simms,35.3987,-95.1647,36
Lakeside,48.0183,-114.2319,36
Niagara Falls,43.0928,-79.0147,36
Walla Walla,46.0670,-118.3370,36
Tallmadge,41.1061,-81.4248,36
Griffin,33.2432,-84.2719,36
New York,30.8370,-87.2335,36
Woods Creek,47.8774,-121.9026,36
Magalia,39.8188,-121.6077,36
Chesterland,41.5283,-81.3575,36
Mohave Valley,34.9024,-114.5714,36
The Colony,33.0896,-96.9034,36
Brookings,44.3034,-96.7873,36
Fallston,39.5338,-76.4385,36
Bloomingdale,32.1250,-81.3084,36
South Cleveland,35.1092,-84.9099,36
Round Valley,37.4142,-118.5723,36
Odenville,33.7009,-86.4234,36
North Shore,37.0831,-79.6484,36
Wilmington,41.3194,-88.1602,36
Notasulga,32.5554,-85.6686,36
Dickson,34.1902,-96.9988,36
Catonsville,39.2645,-76.7417,36
Seward,60.1248,-149.3916,36
Ballard,40.2949,-109.9494,36
East St. Louis,38.6164,-90.1305,36
Forest Ranch,39.8952,-121.6705,36
Newark,37.5043,-122.0319,36
Ferry Pass,30.5211,-87.1864,36
Crestline,34.2541,-117.2867,36
Wisconsin Rapids,44.3929,-89.8267,36
Firestone,40.1557,-104.9486,36
Oroville,39.4952,-121.5599,35
Fort Oglethorpe,34.9318,-85.2460,35
Plainview,34.1911,-101.7235,35
Kingsville,27.5092,-97.8610,35
Torreon,35.7932,-107.2124,35
Delta Junction,64.0567,-145.6925,35
Allison Park,40.5730,-79.9603,35
Sallisaw,35.4604,-94.8066,35
Palm City,27.1778,-80.2855,35
Mason Neck,38.6510,-77.1705,35
Norco,33.9255,-117.5520,35
Doral,25.8160,-80.3576,35
Grimes,41.6776,-93.8021,35
Coram,40.8812,-73.0059,35
Prewitt,35.3683,-108.0749,35
Pigeon Forge,35.7980,-83.5638,35
Marshfield,44.6633,-90.1717,35
Sisco Heights,48.1177,-122.1105,35
Skiatook,36.3465,-95.9454,35
Selma,32.4170,-87.0357,35
Valrico,27.9191,-82.2313,35
Salisbury,38.3752,-75.5866,35
Green River,41.5129,-109.4708,35
Shelbyville,39.5466,-85.7768,35
Lawrenceville,33.9529,-83.9922,35
Millersville,36.3968,-86.7110,35
Kailua,19.6456,-155.9977,35
Newton,35.6622,-81.2323,35
Homer,59.6404,-151.5091,35
Fort Washington,38.7319,-77.0087,35
Butner,36.1343,-78.7407,35
Boutte,29.8874,-90.3888,35
Hockinson,45.7302,-122.4833,35
Mulino,45.2220,-122.5572,35
Menomonie,44.8892,-91.9096,35
Peoria,39.6533,-104.1370,35
Braintree Town,42.2062,-71.0023,35
La Marque,29.3698,-94.9942,35
Johnsville,39.7697,-120.6998,35
Rochelle,41.9191,-89.0637,35
Twinsburg,41.3226,-81.4431,35
Powdersville,34.7800,-82.4976,35
Genola,40.0120,-111.8480,35
Idyllwild-Pine Cove,33.7442,-116.7307,35
Boron,35.0198,-117.6659,35
Cocoa,28.3766,-80.7633,35
Calabasas,34.1343,-118.6665,35
Lodi,38.1216,-121.2908,35
Chignik Lake,56.2542,-158.7825,35
Jones,35.5667,-97.2889,35
West Lafayette,40.4437,-86.9236,35
Springfield,36.4936,-86.8722,35
Elwood,41.4181,-88.1172,35
La Verkin,37.2315,-113.2506,35
Yaphank,40.8310,-72.9317,35
San Luis Obispo,35.2662,-120.6684,35
Bothell,47.7735,-122.2044,35
Monrovia,34.1640,-117.9846,35
Commerce,34.2143,-83.4757,35
Bear Creek,34.2555,-87.7134,35
Bonsall,33.2749,-117.1919,35
Lima,40.7407,-84.1121,35
Lowell,42.6390,-71.3210,35
Forest,37.3749,-79.2771,35
Wheeling,40.0738,-80.6960,35
Akins,35.5040,-94.6668,35
Moores Mill,34.8521,-86.5204,35
Rock Point,36.6968,-109.6195,35
Aguanga,33.4523,-116.8555,35
Stallion Springs,35.0920,-118.6576,35
Somerville,35.2322,-89.3754,35
Rockville,39.0837,-77.1556,35
Auburndale,28.1100,-81.7973,35
Leupp,35.2966,-111.0036,35
Newport,35.6238,-91.2317,35
Lake Carroll,42.1706,-89.8647,35
Warsaw,41.2461,-85.8485,35
Franklin Park,40.5921,-80.0987,35
Waterville,44.5453,-69.6614,35
Pottsville,35.2306,-93.0608,35
Fort Chiswell,36.9447,-80.9561,35
Shiprock,36.7907,-108.6961,35
Mandan,46.8295,-100.8871,35
Winona,33.4903,-89.7293,35
Gilmore,35.4140,-90.2956,35
Gurnee,42.3701,-87.9368,35
Summit Park,40.7423,-111.5872,34
Eden,42.0602,-109.4392,34
Pendleton,40.0085,-85.7608,34
Kaloko,19.7284,-155.9537,34
Middletown,39.4434,-75.7175,34
Poplar Bluff,36.7633,-90.4140,34
Fort Lupton,40.0835,-104.8034,34
LaSalle,41.3352,-89.0972,34
Russellville,34.5057,-87.7281,34
Gumlog,34.4989,-83.0930,34
Milpitas,37.4331,-121.8909,34
Lithia Springs,33.7825,-84.6485,34
Lebanon,39.4256,-84.2132,34
Rancho Palos Verdes,33.7385,-118.3697,34
Radcliff,37.8201,-85.9364,34
Pittsburg,37.4136,-94.6980,34
Lakeside,30.1365,-81.7692,34
Halls Crossing,37.4658,-110.6654,34
Negaunee,46.4966,-87.5919,34
Lonepine,47.6921,-114.6396,34
Austin,43.6721,-92.9779,34
East Lansing,42.7489,-84.4824,34
Lake Shore,39.0920,-76.4896,34
Bangor,39.3761,-121.4117,34
Lumberton,30.2557,-94.2079,34
Bushnell,28.6902,-82.1177,34
Lake Wisconsin,43.3647,-89.5960,34
New Britain,41.6766,-72.7862,34
McDonough,33.4396,-84.1489,34
Lodge Pole,48.0272,-108.5517,34
Ripley,35.7443,-89.5351,34
Burnt Ranch,40.8113,-123.5083,34
Artondale,47.3036,-122.6525,34
Altoona,41.6506,-93.4800,34
Cornville,34.7392,-111.9068,34
Socastee,33.6874,-79.0089,34
Skowhegan,44.7781,-69.7122,34
Ashland,46.5818,-90.8719,34
Piney Green,34.7655,-77.3010,34
Avon,46.6287,-112.5756,34
Horseshoe Bend,36.2187,-91.7383,34
Jamestown,46.9059,-98.6936,34
New Haven,41.0679,-85.0163,34
Fort Gibson,35.7822,-95.2601,34
Mascotte,28.6052,-81.9060,34
Monroeville,31.5162,-87.3277,34
Cascade-Chipita Park,38.9474,-104.9981,34
Mapleton,40.1188,-111.5742,34
Midland,35.2492,-80.5301,34
Clam Gulch,60.2089,-151.4042,34
El Morro Valley,35.0364,-108.3378,34
Claremont,34.1249,-117.7139,34
Kearney,39.3551,-94.3586,34
Arab,34.3324,-86.5012,34
Easthampton,42.2654,-72.6708,34
San Leandro,37.7034,-122.1630,34
Antelope Hills,43.0811,-106.3126,34
Copperopolis,37.9391,-120.6251,34
Oak Ridge,41.0310,-74.4982,34
West Plains,36.7374,-91.8680,34
Jasper,38.3932,-86.9406,34
Evening Shade,35.6210,-94.9054,34
Westlake Corner,37.1186,-79.6979,34
Albert Lea,43.6543,-93.3641,34
East Providence,41.8004,-71.3593,34
Seymour,38.9468,-85.8892,34
Cedarville,38.6569,-76.8220,34
Navassa,34.2834,-78.0387,34
Danvers,42.5742,-70.9505,34
Deep River,46.3536,-123.7049,34
Delta,38.7574,-108.0880,34
Bethesda,38.9873,-77.1186,34
Hagerstown,39.6380,-77.7233,34
Braselton,34.1076,-83.8129,34
Haines,59.2604,-135.4722,34
Northbrook,42.1287,-87.8352,34
Chignik Lagoon,56.3043,-158.5003,34
Kongiganak,59.9916,-162.8468,34
Magnolia,33.2767,-93.2262,34
Wauwatosa,43.0632,-88.0356,34
Centerville,40.0325,-79.9595,34
Borrego Pass,35.5664,-108.0165,34
Cottonwood,40.3903,-122.3156,34
Woodstock,42.3095,-88.4353,34
Rockledge,28.3214,-80.7378,34
Chilcoot-Vinton,39.8067,-120.1389,34
Dickinson,46.8928,-102.7960,34
Aransas Pass,27.9150,-97.1032,34
Bountiful,40.8725,-111.8612,34
Ridge,40.9038,-72.8859,34
Reno,32.9488,-97.5660,34
Blanding,37.6231,-109.5130,34
Pinewood Estates,30.1702,-94.3183,34
Junction,38.2361,-112.2246,34
Moberly,39.4181,-92.4365,34
Ravenel,32.7763,-80.2319,34
Portage Creek,58.9054,-157.6698,34
Lake Lure,35.4484,-82.2022,34
Covington,39.0351,-84.5196,34
Kiln,30.4184,-89.4298,34
Kayenta,36.7172,-110.2605,34
Chester,37.3520,-77.4337,34
Piqua,40.1471,-84.2435,34
Tenakee Springs,57.7901,-135.1354,34
Kalispell,48.2162,-114.3276,34
Deville,31.3449,-92.1418,34
Tomball,30.0951,-95.6197,34
Newington,41.6870,-72.7308,34
Lisbon,32.7894,-92.8672,33
Woodward,36.4248,-99.4047,33
Colleyville,32.8915,-97.1497,33
Helena-West Helena,34.5314,-90.6201,33
La Madera,35.2345,-106.3340,33
Sun Prairie,43.1826,-89.2378,33
Xenia,39.6831,-83.9408,33
Dundalk,39.2668,-76.4965,33
Bowling Green,41.3777,-83.6496,33
Clinton,35.5790,-92.4557,33
Forest,32.3598,-89.4759,33
Rowland Heights,33.9703,-117.8906,33
Goldonna,32.0112,-92.9300,33
Berthoud,40.2847,-104.9655,33
South Boston,36.7118,-78.9134,33
Brenham,30.1582,-96.3956,33
Payson,40.0359,-111.7388,33
Harrah,35.4720,-97.1827,33
Milliken,40.3105,-104.8584,33
Winslow,35.0242,-110.7093,33
Broadview Heights,41.3182,-81.6793,33
Mount Vernon,38.2396,-75.7853,33
Pierre,44.3752,-100.3200,33
Brunswick,41.2458,-81.8166,33
Roseville,45.0156,-93.1538,33
Sunrise,60.8691,-149.4715,33
Milton,42.2416,-71.0824,33
Bridgehampton,40.9411,-72.3057,33
St. John,41.4418,-87.4678,33
Bracey,36.5812,-78.1138,33
Manatee Road,29.5145,-82.9192,33
Sheridan,44.7962,-106.9642,33
Tifton,31.4621,-83.5205,33
Woodstock,34.1031,-84.5130,33
Shenandoah Farms,38.9753,-78.0476,33
Dunwoody,33.9414,-84.3127,33
Fox,64.9749,-147.6090,33
Tillmans Corner,30.5815,-88.2128,33
Robstown,27.7940,-97.6692,33
Candy Kitchen,34.9093,-108.4965,33
Southwest Ranches,26.0497,-80.3738,33
Dogtown,38.2087,-121.1548,33
Rosebud,43.2387,-100.8150,33
Valley,32.8087,-85.1811,33
Marion,40.5967,-83.1232,33
Fayetteville,33.4491,-84.4728,33
Easley,34.8185,-82.5862,33
Connerton,28.3078,-82.4649,33
Wilmington,39.4291,-83.8162,33
Morgan Hill,37.1325,-121.6419,33
Hampton Bays,40.8647,-72.5181,33
Rancho Santa Margarita,33.6323,-117.5990,33
Coral Gables,25.6831,-80.2617,33
Indian River,45.4298,-84.6220,33
Waxhaw,34.9375,-80.7400,33
Mountain Brook,33.4915,-86.7345,33
West Point,32.8985,-85.1415,33
Paris,36.2927,-88.3081,33
Millcreek,40.6890,-111.8296,33
Redlands,39.0850,-108.6550,33
Severance,40.5059,-104.8635,33
Montevallo,33.1261,-86.8477,33
Weaverville,40.7407,-122.9290,33
Morton,40.6137,-89.4668,33
Bristol,36.6170,-82.1576,33
Defiance,41.2810,-84.3658,33
Lakeway,30.3550,-97.9863,33
Cookson,35.7213,-94.9155,33
California,38.2976,-76.4921,33
Remy,35.4614,-94.4996,33
Captain Cook,19.4995,-155.8937,33
Lockwood,45.8305,-108.3971,33
Bayou Gauche,29.8069,-90.4222,33
Orinda,37.8816,-122.1686,33
Klein,46.3983,-108.5526,33
Security-Widefield,38.7511,-104.7160,33
Tyro,35.7997,-80.3764,33
Rockland,44.1239,-69.1305,33
Red Mesa,36.9711,-109.3698,33
Kaunakakai,21.0942,-157.0009,33
Bernardsville,40.7304,-74.5926,33
Prineville,44.2985,-120.8607,33
Dulce,36.9538,-107.0003,33
St. Johnsbury,44.4304,-72.0086,33
Gibsonton,27.8284,-82.3791,33
Benicia,38.0727,-122.1552,33
Green Valley,34.6174,-118.4050,33
Fulshear,29.6924,-95.8866,33
White Plains,33.7593,-85.6885,33
Saratoga,37.2683,-122.0262,33
Holly Springs,34.7780,-89.4458,33
Belvidere,42.2654,-88.8878,33
Victoria,44.8723,-93.6710,33
Tahlequah,35.9105,-94.9777,33
Cedar Grove,35.1772,-106.1669,33
Los Osos,35.3071,-120.8245,33
Tigard,45.4229,-122.7844,33
Noble,35.1349,-97.3711,33
Middle River,39.3395,-76.4287,33
Sissonville,38.5020,-81.6359,33
North Edwards,35.0473,-117.8094,33
Escanaba,45.7463,-87.0836,33
Waltham,42.3889,-71.2423,33
Santa Cruz,36.9744,-122.0353,32
Smithfield,35.5238,-78.3522,32
Old Town,32.5124,-107.9232,32
Geneva,28.7366,-81.1162,32
Linton Hall,38.7526,-77.5760,32
Auburn Lake Trails,38.8862,-120.9797,32
Tucson Estates,32.1792,-111.1266,32
Nome,64.5057,-165.4153,32
Basin,46.2835,-112.2871,32
Lyons Switch,35.7890,-94.6853,32
Cornelius,35.4732,-80.8813,32
Waynesboro,31.6776,-88.6338,32
Horace,46.7570,-96.9113,32
Lake Shore,46.5043,-94.3665,32
Warrenton,46.1731,-123.9297,32
Thermalito,39.5089,-121.6011,32
Machesney Park,42.3677,-89.0245,32
Granby,40.0648,-105.9194,32
Morris,41.3802,-88.4243,32
Eastvale,33.9633,-117.5824,32
Gruetli-Laager,35.3726,-85.6374,32
Loudon,35.7372,-84.3621,32
Coralville,41.6988,-91.5968,32
Lawrenceburg,35.2497,-87.3325,32
Shiloh,38.5520,-89.9151,32
Westhampton,40.8468,-72.6599,32
Woburn,42.4887,-71.1544,32
Brea,33.9252,-117.8651,32
Martinez,37.9981,-122.1144,32
Fox Crossing,44.2236,-88.4791,32
Lexington,33.9929,-81.2218,32
Kernville,35.7550,-118.4309,32
Troy,40.0410,-84.2224,32
Treasure Lake,41.1682,-78.7205,32
Silverdale,47.6677,-122.6819,32
Waite Park,45.5209,-94.2430,32
Zuni Pueblo,35.0694,-108.8558,32
Littleton,39.5904,-105.0201,32
Pineville,31.3429,-92.4089,32
Algonquin,42.1595,-88.3219,32
Rough Rock,36.4195,-109.8645,32
Riverton,40.5176,-111.9635,32
Westerville,40.1234,-82.9133,32
Harrisburg,35.3075,-80.6456,32
Shady Grove,35.9485,-95.0952,32
Angostura,43.3189,-103.3907,32
Rock Springs,35.6188,-108.8345,32
Sienna,29.4854,-95.5063,32
Pacifica,37.6066,-122.4772,32
Leesburg,39.1064,-77.5592,32
Mount Pleasant,35.5481,-87.1869,32
Swainsboro,32.5856,-82.3348,32
McLendon-Chisholm,32.8471,-96.3912,32
Parkland,26.3214,-80.2543,32
Sandersville,32.9818,-82.8051,32
Holloman AFB,32.8460,-106.0959,32
Florissant,38.7997,-90.3271,32
Youngsville,30.0958,-91.9965,32
Laurinburg,34.7621,-79.4774,32
Tyrone,33.4761,-84.5945,32
Bright,39.2249,-84.8623,32
Pleasant View,36.3893,-87.0455,32
Amory,33.9818,-88.4826,32
Richland,32.2304,-90.1596,32
Lake Nebagamon,46.4977,-91.7044,32
Springhill,30.7472,-86.9225,32
Loxahatchee Groves,26.7209,-80.2772,32
Rustburg,37.2722,-79.1001,32
Folly Beach,32.6693,-79.9606,32
Oglala,43.1916,-102.7097,32
Bainbridge,41.3843,-81.3485,32
Atlanta,33.1132,-94.1676,32
Papillion,41.1432,-96.0785,32
Jolmaville,46.4331,-90.7498,32
Mauldin,34.7806,-82.3050,32
Collegedale,35.0535,-85.0480,32
Fern Forest,19.4647,-155.1324,32
Hollis Crossroads,33.5313,-85.6529,32
Red Bank,33.9295,-81.2339,32
Gahanna,40.0367,-82.8799,32
Maysville,38.5260,-106.2194,32
Cañon City,38.4419,-105.2209,32
Post Mountain,40.4159,-123.2316,32
Downey,33.9382,-118.1309,32
Martin,36.3379,-88.8514,32
Winfield,41.4121,-87.2624,32
Maumelle,34.8523,-92.4000,32
Long Grove,42.1950,-88.0110,32
Yemassee,32.6935,-80.8726,32
Ashwaubenon,44.4794,-88.0875,32
Wasilla,61.5811,-149.4608,32
Emporia,38.4019,-96.1917,32
Heath,32.8535,-96.4636,32
Tavares,28.7659,-81.7564,32
Sheridan,34.3216,-92.4431,32
Murray,40.6507,-111.8866,31
Pikesville,39.3918,-76.6996,31
Copper Center,62.0080,-145.3927,31
Haltom City,32.8177,-97.2712,31
Harvest,34.8551,-86.7586,31
Greenwood,33.5125,-90.1990,31
French Gulch,40.7188,-122.6294,31
Childersburg,33.2926,-86.3409,31
Fulton,38.8551,-91.9508,31
Vandalia,39.8790,-84.1922,31
Bluewater,35.3233,-108.2034,31
Lake Morton-Berrydale,47.3328,-122.1040,31
Vinita,36.6442,-95.0622,31
Oljato-Monument Valley,36.9872,-110.2096,31
Elizabeth,40.6664,-74.1935,31
New Union,34.1337,-86.2280,31
Naples,26.1505,-81.7953,31
Siloam Springs,36.1854,-94.5300,31
Wethersfield,41.7025,-72.6693,31
Lansing,39.2429,-94.8979,31
Belwood,35.4843,-81.5274,31
Needham,42.2816,-71.2424,31
Mount Vernon,48.4171,-122.3118,31
East Haven,41.2935,-72.8590,31
Amesbury,42.8513,-70.9558,31
Lake Cherokee,32.3602,-94.6501,31
Moorpark,34.2859,-118.8770,31
Eagar,34.1068,-109.3012,31
Minco,35.3156,-97.9514,31
Ramah,35.1264,-108.5063,31
Lake Tapps,47.2307,-122.1712,31
Whittier,60.7773,-148.6638,31
Fair Oaks Ranch,29.7461,-98.6381,31
Seeley Lake,47.1705,-113.4586,31
Fairmount,38.1098,-75.8206,31
Miamisburg,39.6309,-84.2707,31
Commack,40.8434,-73.2833,31
Brookhaven,33.8631,-84.3375,31
Ben Bolt,27.6659,-98.0966,31
Boles Acres,32.8200,-105.9777,31
Wilmer,32.5974,-96.6809,31
Soldier Creek,43.3326,-100.8968,31
Verona,38.8052,-84.6637,31
Highland Park,42.1824,-87.8108,31
Portland,27.8890,-97.3316,31
Belmont,35.2213,-81.0411,31
Ensley,30.5260,-87.2723,31
Londonderry,42.8534,-71.3624,31
Philadelphia,32.7751,-89.1220,31
Bedford,38.8602,-86.4895,31
Watertown,43.1894,-88.7289,31
Palm Valley,30.2005,-81.3910,31
Mebane,36.0817,-79.2767,31
Pine Hills,28.5818,-81.4695,31
Old Miakka,27.3187,-82.2793,31
Fate,32.9493,-96.3832,31
Saks,33.7114,-85.8537,31
Topaz,38.6381,-119.5018,31
Atoka,35.4259,-89.7844,31
Rock Island,35.1849,-94.4826,31
Mexico,39.1622,-91.8728,31
Calcutta,40.6894,-80.5499,31
Hondah,34.0943,-109.9344,31
Escudilla Bonita,34.1101,-109.0228,31
Martinsville,40.6029,-74.5758,31
Marco Island,25.9320,-81.7048,31
Walker,38.5185,-119.4731,31
Neopit,44.9847,-88.8146,31
Ozark,37.0336,-93.2180,31
Salem,40.0553,-111.6674,31
Mud Bay,59.1512,-135.3565,31
Fultondale,33.6174,-86.8014,31
Brainerd,46.3553,-94.1984,31
Issaquah,47.5445,-122.0491,31
Rolla,37.9459,-91.7612,31
El Centro,32.7864,-115.5602,31
San Mateo,37.5603,-122.3106,31
San Juan,26.1894,-98.1518,31
Stephenville,32.2145,-98.2199,31
Kinsey,31.2963,-85.3350,31
East Quincy,39.9164,-120.9189,31
Melville,40.7824,-73.4088,31
Union City,36.4271,-89.0477,31
Bardstown,37.8177,-85.4553,31
Happy Camp,41.8159,-123.3928,31
Plain City,41.3067,-112.0943,31
Perrysburg,41.5390,-83.6441,31
Mountain Home,36.3351,-92.3842,31
Cherokee,35.4859,-83.3011,31
Aberdeen,33.8283,-88.5547,31
Camp Swift,30.1881,-97.2932,31
Navajo Dam,36.8729,-107.6232,31
Nunam Iqua,62.5068,-164.9008,31
Carthage,37.1473,-94.3234,31
Key Largo,25.1226,-80.4116,31
Guaynabo,18.3843,-66.1150,31
South Portland,43.6314,-70.2860,31
Redbird Smith,35.5639,-95.0241,31
Liberal,37.0461,-100.9277,31
Vidor,30.1281,-93.9917,31
Midway,30.4051,-87.0096,31
New Baltimore,38.7420,-77.7169,31
Wildwood Lake,35.0882,-84.8477,31
Chantilly,38.8892,-77.4421,31
Henderson,32.1573,-94.7959,31
Lamar,35.0942,-96.1248,31
Langston,35.9313,-97.2794,31
Alice,27.7556,-98.0658,31
Fredonia,32.9836,-85.2923,31
Mustang,35.3918,-97.7251,31
Clemmons,36.0332,-80.3867,31
San Felipe Pueblo,35.4383,-106.4132,31
Garfield,30.2033,-97.5614,31
Sidney,40.2895,-84.1667,31
Cockeysville,39.4780,-76.6308,31
Detroit Lakes,46.8076,-95.8466,31
Thatcher,41.6815,-112.3200,31
Mohawk Vista,39.8048,-120.5883,30
Mountain View,37.3997,-122.0793,30
De Pere,44.4310,-88.0799,30
Valle Vista,35.4109,-113.8627,30
March ARB,33.8892,-117.2777,30
Pinson,33.7093,-86.6636,30
Catoosa,36.1803,-95.7703,30
Cave Spring,37.2269,-80.0069,30
Allenspark,40.2313,-105.5180,30
Centreville,38.8406,-77.4385,30
Eutaw,32.8462,-87.9003,30
Hokes Bluff,33.9897,-85.8629,30
Smithtown,40.8575,-73.2167,30
Sun City West,33.6714,-112.3572,30
Ehrenberg,33.6142,-114.4830,30
Waurika,34.1837,-98.0263,30
Valparaiso,30.4899,-86.5142,30
Leroy,31.4950,-87.9728,30
Palmetto,33.5360,-84.6739,30
Happy Valley,45.4340,-122.5087,30
West Crossett,33.1480,-92.0170,30
Poplar,46.5818,-91.7823,30
Rancho Murieta,38.5007,-121.0740,30
Freeport,42.2890,-89.6343,30
Farmers Branch,32.9278,-96.8785,30
Waycross,31.2110,-82.3577,30
Niskayuna,42.8049,-73.8874,30
Dames Quarter,38.1729,-75.8900,30
Our Town,32.8422,-85.9670,30
Cleora,36.5950,-94.9429,30
Hollins,33.1218,-86.1270,30
Urbana,40.1101,-88.1973,30
Fernandina Beach,30.6579,-81.4500,30
Huntingdon,36.0061,-88.4172,30
Flagler Estates,29.6484,-81.4577,30
Plumas Lake,38.9791,-121.5581,30
Montezuma Creek,37.2517,-109.2896,30
Zanesville,39.9570,-82.0120,30
Oconomowoc,43.1010,-88.4951,30
Walls,34.9259,-90.1677,30
Lexington,35.6421,-88.3753,30
Virgin,37.1947,-113.2055,30
Star,43.7035,-116.4925,30
Elizabeth City,36.2942,-76.2381,30
Mercedes,26.1538,-97.9129,30
Stroud,35.7689,-96.6501,30
Littlefield,36.8659,-113.9360,30
Royal Oak,42.5078,-83.1539,30
Stevens Village,66.0243,-149.0778,30
Parkersburg,39.2613,-81.5434,30
White House,36.4649,-86.6685,30
New Richmond,45.1250,-92.5479,30
Elk Grove Village,42.0053,-87.9923,30
McComb,31.2445,-90.4716,30
Vero Beach South,27.6128,-80.4181,30
Industry,34.0262,-117.9403,30
Mount Airy,36.5085,-80.6145,30
Wallace,30.6733,-87.1958,30
Sanger,33.3821,-97.1654,30
Lockport,41.5910,-88.0297,30
Conyers,33.6575,-83.9838,30
Boerne,29.7849,-98.7279,30
Hotevilla-Bacavi,35.9207,-110.6407,30
Burlington,42.5032,-71.2017,30
Conover,35.7150,-81.2153,30
Dearborn Heights,42.3357,-83.2888,30
Scott,30.2398,-92.0948,30
Honeyville,41.6361,-112.0857,30
Lowell Point,60.0761,-149.4938,30
Breezy Point,46.6091,-94.2073,30
Sealy,29.7641,-96.1622,30
Angleton,29.1718,-95.4293,30
Sugar Grove,41.7774,-88.4465,30
Centre,34.1531,-85.6717,30
Bethel Park,40.3238,-80.0364,30
Murray,36.6142,-88.3221,30
Anacortes,48.4887,-122.6240,30
Rancho Tehama Reserve,40.0040,-122.4283,30
Beckwourth,39.8439,-120.4140,30
St. Clair Shores,42.4930,-82.8909,30
Gilbert,47.4908,-92.4583,30
North Olmsted,41.4149,-81.9191,30
London,37.1168,-84.0763,30
Becker,45.3865,-93.8873,30
Three Lakes,47.9554,-121.9785,30
La Cienega,35.5794,-106.1131,30
Eustis,28.8572,-81.6768,30
Frostproof,27.7489,-81.5265,30
Norwalk,41.4838,-93.6955,30
Quincy,30.5660,-84.5858,30
Bellview,30.4648,-87.3093,30
Choccolocco,33.6677,-85.7072,30
Meadow Lake,34.8031,-106.5704,30
Shoreline,47.7569,-122.3455,30
Sebring,27.4714,-81.4516,30
Clinton,36.0973,-84.1289,30
Lompoc,34.6627,-120.4708,30
Perryville,55.9340,-159.1555,30
Piedra,37.4418,-107.1684,30
Austintown,41.0919,-80.7384,30
Swan Valley,43.4426,-111.3245,30
San Martin,37.0829,-121.5963,30
Pendleton,45.6756,-118.8195,30
Baldwyn,34.5055,-88.6428,30
Tamarac,26.2033,-80.2560,30
Batesville,35.7686,-91.6227,30
Kelly,34.4640,-78.3110,30
Medina,41.1346,-81.8695,30
Vero Beach,27.6472,-80.3931,29
Lookingglass,43.1848,-123.4999,29
Gilbert Creek,37.5697,-81.8906,29
Gladewater,32.5425,-94.9471,29
Argyle,33.1055,-97.1775,29
Greenleaf,44.3392,-88.0849,29
Finley,46.1694,-119.0447,29
Los Gatos,37.2299,-121.9569,29
Clarkston Heights-Vineland,46.3754,-117.0920,29
Cresson,32.5299,-97.6153,29
Ocean Springs,30.4027,-88.7886,29
Martin,32.0999,-93.2191,29
Mitchell,43.7271,-98.0422,29
Junction City,39.0272,-96.8523,29
Tano Road,35.7374,-105.9819,29
Ahwahnee,37.3654,-119.7166,29
Chowchilla,37.1161,-120.2420,29
Rainbow Springs,29.0971,-82.4420,29
Dixon,36.1796,-105.8910,29
Greenfield,42.9606,-88.0057,29
Lake Montezuma,34.6369,-111.8009,29
Port Ludlow,47.9146,-122.6951,29
Evergreen,39.6356,-105.3381,29
Strawberry,34.3909,-111.5027,29
Orchard City,38.8181,-107.9673,29
Grants Pass,42.4323,-123.3318,29
Coffee Creek,41.0797,-122.7169,29
Wetumpka,32.5420,-86.2053,29
Cherry Tree,35.7465,-94.6439,29
Gadsden,33.8472,-80.7656,29
Springerville,34.1719,-109.3069,29
Moncks Corner,33.1998,-79.9866,29
Flanders,40.8888,-72.6042,29
Arnold,38.4260,-90.3693,29
Town and Country,38.6306,-90.4772,29
Heath,40.0208,-82.4421,29
Easton,38.7763,-76.0705,29
Gray,29.6780,-90.7831,29
Babbie,31.3021,-86.3194,29
Gardendale,32.0135,-102.3596,29
Woodside,37.4222,-122.2586,29
Fairview Heights,38.5953,-90.0047,29
Wadsworth,41.0274,-81.7322,29
Melissa,33.2885,-96.5576,29
Greenwood,35.2113,-94.2394,29
Osceola,35.6902,-89.9883,29
Onyx,35.6702,-118.2272,29
Orangevale,38.6894,-121.2231,29
Byers,39.7094,-104.2128,29
Charlestown,38.4298,-85.6704,29
South Park,43.4255,-110.7985,29
East Bronson,29.4593,-82.5905,29
Clarkedale,35.2970,-90.2103,29
Covington,35.5659,-89.6485,29
Indianola,41.3630,-93.5655,29
Los Chaves,34.7335,-106.7611,29
Ashland,40.8671,-82.3152,29
Ripley,34.7359,-88.9360,29
American Fork,40.3779,-111.7951,29
Cameron,29.7952,-93.2915,29
Palm River-Clair Mel,27.9245,-82.3794,29
Bucksport,44.5884,-68.7986,29
Woodcrest,33.8789,-117.3687,29
Nadine,32.6105,-103.1032,29
Keeler Farm,32.3161,-107.7602,29
Guys,35.0152,-88.5349,29
Edgard,30.0308,-90.5441,29
Artesia,32.8522,-104.4246,29
West Allis,43.0072,-88.0290,29
Royal Palm Beach,26.6990,-80.2276,29
Chippewa Falls,44.9347,-91.3892,29
Northampton,40.8752,-72.6841,29
Tallassee,32.5327,-85.8920,29
Burkburnett,34.0749,-98.5673,29
Superior,33.2716,-111.1242,29
Rio Grande City,26.3810,-98.8215,29
Americus,32.0744,-84.2228,29
Jemison,32.9707,-86.7331,29
Cupertino,37.3194,-122.0450,29
Winchester,35.1905,-86.1079,29
Reynoldsburg,39.9613,-82.7889,29
Wyldwood,30.1287,-97.4774,29
Eastover,35.0953,-78.7862,29
Seal Beach,33.7544,-118.0713,29
Williams,42.2194,-123.2922,29
Wheaton,41.8568,-88.1081,29
Rocky Point,40.9398,-72.9363,29
Williston Highlands,29.3336,-82.5357,29
Shirley,40.7936,-72.8759,29
Goshen,36.1025,-94.0016,29
Frederickson,47.0918,-122.3616,29
Mount Holly,35.3144,-81.0066,29
Sugar Hill,34.0860,-84.0340,29
Brewton,31.1092,-87.0766,29
Skidway Lake,44.2036,-84.0357,29
East Carbon,39.5330,-110.4295,29
Clay,33.6966,-86.6082,29
Clifton,40.8621,-74.1604,29
Tarboro,35.9052,-77.5572,29
Lower Burrell,40.5833,-79.7180,29
Caney,35.8296,-94.8400,29
Waverly,42.7220,-92.4695,29
Thomasville,31.9150,-87.7372,29
Webb,31.2572,-85.2896,29
Newton,41.6963,-93.0405,29
Marquette,46.5507,-87.3958,29
Minneola,28.6023,-81.7295,29
Timberlake,37.3172,-79.2469,29
Silver Summit,40.7489,-111.5139,29
Sulphur,30.2298,-93.3563,29
Lake Butler,28.4983,-81.5482,29
Grayling,62.8961,-160.1130,29
Cameron Park,38.6740,-120.9883,29
Litchfield Beach,33.4744,-79.1146,29
Good Hope,33.7706,-117.2772,29
Tichigan,42.8110,-88.2088,29
Schurz,38.9794,-118.8334,29
Pettit,35.7737,-94.9768,29
Garden City,37.9759,-100.8509,29
Duncanville,32.6459,-96.9139,29
North Omak,48.4440,-119.4458,29
Lovington,32.9445,-103.3492,28
Deweyville,30.2998,-93.7730,28
Harrisonville,38.6502,-94.3505,28
Brooksville,28.5166,-82.4047,28
Coconut Creek,26.2809,-80.1847,28
Foresthill,39.0053,-120.8314,28
Florence,38.9934,-84.6482,28
Penhook,36.9925,-79.6376,28
Brent,35.3662,-94.7925,28
Pontotoc,34.2509,-89.0083,28
North Shore,33.5146,-115.9110,28
College Park,33.6414,-84.4635,28
Keener,35.1211,-78.2984,28
Dundee,28.0153,-81.5980,28
Meadow Woods,28.3729,-81.3337,28
Kiawah Island,32.6164,-80.0606,28
Eureka,38.4985,-90.6454,28
Sparta,38.1394,-89.7305,28
Riceboro,31.7244,-81.4423,28
Harrison,36.2426,-93.1176,28
Suwanee,34.0511,-84.0659,28
Hacienda Heights,33.9959,-117.9730,28
Battlement Mesa,39.4528,-108.0039,28
Hughesville,38.5374,-76.7728,28
Galliano,29.4459,-90.3077,28
Winfield,37.2428,-96.9797,28
New Iberia,30.0055,-91.8203,28
Perdido,31.0056,-87.6303,28
Fremont,41.4398,-96.4870,28
Alexandria,33.7608,-85.8720,28
Mandaree,47.7451,-102.6976,28
Aberdeen Proving Ground,39.4542,-76.1335,28
Wrightsboro,34.2876,-77.9301,28
Avon Lake,41.4945,-82.0161,28
Bondurant,41.6970,-93.4515,28
Black Hammock,28.7060,-81.1773,28
Pinetop-Lakeside,34.1515,-109.9675,28
Pullman,46.7331,-117.1683,28
Tustin,33.7309,-117.8106,28
Bluffdale,40.4746,-111.9403,28
Columbia,31.2586,-89.8187,28
Derby,37.5596,-97.2558,28
Bangor Base,47.7223,-122.7141,28
Los Alamos,35.8940,-106.2900,28
Camden,34.2589,-80.6092,28
Dodson Branch,36.3149,-85.5322,28
Miami,36.8877,-94.8709,28
East Renton Highlands,47.4738,-122.0885,28
Bedford,37.3400,-79.5141,28
El Moro,37.2466,-104.4531,28
Ontario,40.7682,-82.6148,28
Phoenix Lake,38.0113,-120.3090,28
Norridgewock,44.7228,-69.7631,28
Graeagle,39.7525,-120.6454,28
Fort Stewart,31.8812,-81.6132,28
Carlyss,30.1767,-93.3696,28
McMinnville,35.6863,-85.7812,28
Woodall,35.8246,-95.0823,28
North Sea,40.9315,-72.4060,28
Glenpool,35.9495,-96.0068,28
Circleville,38.1684,-112.2716,28
Graham,36.0564,-79.3894,28
Rainbow,33.4099,-117.1395,28
Sugar Creek,39.1395,-94.4085,28
Bienville,32.3632,-92.9748,28
Fort Greely,63.9678,-145.7149,28
Topsham,43.9474,-69.9317,28
Waikapu,20.8367,-156.5306,28
Terlingua,29.2871,-103.5834,28
California,40.0667,-79.9120,28
The Galena Territory,42.3937,-90.3250,28
Andover,37.6889,-97.1343,28
Russellville,36.8395,-86.8956,28
Iowa Colony,29.4409,-95.4236,28
Hillsboro,32.0078,-97.1157,28
Centerville,39.6343,-84.1457,28
Argo,33.6979,-86.5058,28
Albany,41.1869,-106.1255,28
Batavia,41.8477,-88.3110,28
Hampton,33.3777,-84.2990,28
Oakdale,44.9875,-92.9636,28
Hampden,44.7476,-68.8399,28
Red Hill,33.7780,-79.0151,28
Whitestone Logging Camp,58.0583,-135.4093,28
Martinsville,36.6835,-79.8636,28
Ponemah,48.0348,-94.8983,28
Aneth,37.2064,-109.1572,28
Brentwood,40.7839,-73.2522,28
Spencer,43.1470,-95.1527,28
Mundelein,42.2734,-88.0162,28
Crab Orchard,35.9066,-84.8847,28
Grayslake,42.3408,-88.0336,28
Shasta,40.5920,-122.4779,28
Inyokern,35.6544,-117.8195,28
Arcadia,34.1327,-118.0363,28
Hissop,32.8906,-86.1296,28
Ellicott,38.8256,-104.3829,28
Aberdeen,35.1346,-79.4355,28
Golden Hills,35.1364,-118.4976,28
Stapleton,30.7356,-87.7977,28
Jacksonville,33.8101,-85.7552,28
Montesano,47.0147,-123.5857,28
Chain Lake,47.9023,-121.9871,28
Sweetwater,32.4694,-100.4087,28
Shasta Lake,40.6766,-122.3809,28
Caguas,18.2321,-66.0390,28
Coffman Cove,56.0017,-132.8420,28
Wilmington,39.7357,-75.5321,28
Bithlo,28.5818,-81.0920,28
Effingham,39.1207,-88.5509,28
Loma,39.2075,-108.8050,28
Killian,30.3526,-90.5809,28
Grimsley,36.2761,-84.9969,28
Hopatcong,40.9516,-74.6624,28
Hochatown,34.1657,-94.7716,28
Fair Oaks,38.6502,-121.2510,28
West Melbourne,28.0504,-80.6583,28
Jeffersontown,38.2055,-85.5697,28
Aberdeen,46.9752,-123.8114,28
Lake Oswego,45.4136,-122.7000,28
Lockwood,35.9401,-121.0783,28
French Valley,33.5995,-117.1065,28
Larose,29.5652,-90.3762,28
Snyderville,40.7041,-111.5434,28
Edgemere,39.2207,-76.4564,28
Fort Novosel,31.3426,-85.7161,28
Verlot,48.1020,-121.7592,28
Shelbyville,38.2063,-85.2336,28
Egg Harbor City,39.5637,-74.5959,28
Indian Lake Estates,27.7986,-81.3562,28
Chignik,56.2944,-158.4031,28
Tubac,31.6107,-111.0570,28
Taylorsville,40.6569,-111.9493,28
Four Corners,45.6698,-111.1784,28
Bristow Cove,34.1092,-86.2410,28
Excelsior Springs,39.3399,-94.2410,28
Macomb,40.4701,-90.6831,28
Columbus,41.4371,-97.3586,28
Big River,34.1398,-114.3621,28
Cordes Lakes,34.3103,-112.1073,28
Orcutt,34.8692,-120.4217,28
Arnold,39.0432,-76.5050,28
Short,35.5682,-94.4954,27
Schenectady,42.8026,-73.9272,27
Jackson,37.3799,-89.6541,27
Sun Village,34.5595,-117.9568,27
Dunlap,35.3675,-85.3898,27
Medford,40.8220,-72.9859,27
Pleasant Hill,41.5991,-93.5050,27
Fort Davis,30.5789,-103.8947,27
Ballenger Creek,39.3811,-77.4202,27
Corrales,35.2396,-106.6271,27
West Haven,41.2091,-112.0536,27
Clear Lake,43.1351,-93.3737,27
Saugus,42.4684,-71.0139,27
King George,38.2794,-77.1843,27
Jackson,42.2434,-84.4049,27
Emigrant,45.3842,-110.7569,27
Nisswa,46.5007,-94.2978,27
Roseburg,43.2236,-123.3520,27
Shoreview,45.0830,-93.1405,27
Berry,33.6667,-87.6093,27
Willoughby Hills,41.5842,-81.4330,27
Benbrook,32.6783,-97.4636,27
Atlantic City,39.3773,-74.4511,27
Centerville,35.8262,-87.4383,27
Leitchfield,37.4862,-86.2847,27
Ilchester,39.2161,-76.7621,27
Houghton Lake,44.3011,-84.7499,27
West Haven,41.2721,-72.9675,27
Wiggins,30.8560,-89.1390,27
Camp Pendleton Mainside,33.3072,-117.3310,27
Florida Ridge,27.5835,-80.3835,27
Sheffield,41.4569,-82.0940,27
Port LaBelle,26.7606,-81.3839,27
Summerdale,30.4767,-87.6876,27
Lynn,42.4748,-70.9620,27
Edneyville,35.4026,-82.3343,27
Ashland,38.4595,-82.6451,27
Spotsylvania Courthouse,38.1994,-77.5890,27
Portsmouth,38.7534,-82.9495,27
Monticello,33.6248,-91.7937,27
Chatom,31.4691,-88.2460,27
Pennsville,39.6483,-75.5003,27
Mount Prospect,42.0642,-87.9374,27
Smithville-Sanders,39.0597,-86.5108,27
Plover,44.4620,-89.5380,27
Port Angeles,48.1192,-123.4480,27
University Park,41.4469,-87.7130,27
Malabar,27.9871,-80.5824,27
Oak Grove,36.6738,-87.4225,27
Proctor,35.9804,-94.7363,27
Venersborg,45.7860,-122.4715,27
Linden,40.6273,-74.2363,27
Hope,33.6682,-93.5889,27
La Luz,32.9716,-105.9397,27
Bremen,33.7108,-85.1519,27
Tanana,65.1840,-152.0551,27
Valley Wells,35.8807,-117.3357,27
Ashland City,36.2562,-87.0327,27
Old Mill Creek,42.4331,-87.9822,27
Ottawa,38.5982,-95.2628,27
Carthage,32.1520,-94.3371,27
Rotonda,26.8851,-82.2779,27
Gatesville,31.4387,-97.7460,27
Euclid,41.5922,-81.5197,27
Lynn,34.0576,-87.5486,27
Cambridge,38.5541,-76.0771,27
Evans,40.3502,-104.7484,27
Wenatchee,47.4360,-120.3293,27
Sonoita,31.6656,-110.6391,27
Wilsonville,33.2408,-86.4911,27
Parsons,37.3340,-95.2650,27
Coos Bay,43.3811,-124.2326,27
Blythewood,34.2092,-80.9953,27
St. Louis Park,44.9487,-93.3650,27
Lake Hughes,34.6824,-118.4519,27
Onalaska,43.8897,-91.2044,27
Gambell,63.7564,-171.7268,27
Hayden,47.7685,-116.8012,27
Dunedin,28.0381,-82.7948,27
Vermilion,41.4080,-82.3173,27
Harriman,35.9304,-84.5626,27
Bridgeport,39.3034,-80.2429,27
Logan,35.3555,-103.4530,27
Hansville,47.9101,-122.5711,27
Mahtowa,46.5517,-92.6361,27
Brilliant,34.0257,-87.7690,27
Lake Cassidy,48.0660,-122.0824,27
McMinnville,45.2110,-123.1918,27
Water Mill,40.9224,-72.3507,27
Lutsen,47.6744,-90.6928,27
Deer Park,29.6917,-95.1165,27
Clinton,34.4739,-81.8609,27
Marion,32.6320,-87.3173,27
West Mountain,40.0518,-111.7834,27
D'Iberville,30.4435,-88.8954,27
Jacksonville,39.7292,-90.2322,27
Taylors,34.9143,-82.3139,27
Jennings,30.2240,-92.6583,27
Hana,20.7740,-156.0143,27
Columbia,38.4581,-90.2160,27
Santaquin,39.9699,-111.7944,27
Skidmore,28.2684,-97.6853,27
Ave Maria,26.3228,-81.4394,27
Ak-Chin Village,33.0196,-112.0809,27
Forest Lakes,34.3299,-110.8107,27
Steubenville,40.3663,-80.6571,27
Florala,31.0224,-86.3182,27
Valencia West,32.1345,-111.1135,27
Great Bend,38.3598,-98.7995,27
Buena Park,33.8574,-118.0074,27
Celebration,28.3103,-81.5511,27
Gilbertown,31.8662,-88.3075,27
Lynn Haven,30.2336,-85.6369,27
Terrace Heights,46.6001,-120.4360,27
Lyon Mountain,44.7183,-73.8663,27
Hanahan,32.9310,-80.0022,27
Kaysville,41.0293,-111.9451,27
Nolensville,35.9570,-86.6717,27
Chillicothe,39.3405,-82.9961,27
Searles Valley,35.7700,-117.3967,27
Snellville,33.8602,-84.0063,27
Burnet,30.7506,-98.2382,27
Logansport,40.7481,-86.3547,27
Lake Nacimiento,35.7310,-120.8695,27
Ephrata,47.3123,-119.5343,27
Binghamton,42.1013,-75.9094,27
Fieldbrook,40.9730,-124.0286,27
Oakland,35.2261,-89.5382,27
Southold,41.0654,-72.4298,27
Kasigluk,60.8634,-162.5388,27
Little River,33.8806,-78.6405,27
Fredericksburg,38.2993,-77.4867,27
Sartell,45.6181,-94.2122,27
Rice Lake,47.3883,-95.5244,27
Jasper,30.9227,-93.9933,27
Paramus,40.9473,-74.0702,27
Van Wyck,34.8556,-80.8293,27
Carlin,40.7190,-116.1080,27
Peru,41.3579,-89.1394,27
Ellisville,31.5973,-89.2103,27
Gatlinburg,35.7250,-83.4937,27
Cordele,31.9561,-83.7701,27
Las Campanas,35.7158,-106.0581,27
Moyock,36.5012,-76.1733,27
North Crossett,33.1741,-91.9317,27
Berkeley,37.8657,-122.2987,27
Rexburg,43.8229,-111.7910,26
Redwater,32.7928,-89.5534,26
Crane,43.4179,-118.5875,26
Arrington,37.6787,-78.8948,26
Coweta,35.9712,-95.6601,26
Syracuse,41.0854,-112.0717,26
Mirrormont,47.4602,-121.9902,26
Alameda,37.7419,-122.2599,26
Indian Wells,35.4093,-110.1144,26
Norwood,42.1874,-71.1960,26
The Pinery,39.4484,-104.7495,26
Fort Thompson,44.0549,-99.4048,26
Humboldt,35.8274,-88.9045,26
Thaxton,34.3029,-89.1717,26
Spring Creek,43.1154,-101.0307,26
Clarksburg,39.2703,-80.3618,26
Lapel,40.0334,-85.8406,26
Fort Green Springs,27.5876,-81.9402,26
Chicago Heights,41.5107,-87.6341,26
Riverton,43.0263,-108.3813,26
Troy,42.7358,-73.6753,26
Spout Springs,35.2736,-79.0456,26
Masonville,37.6721,-87.0561,26
Hopewell,37.2910,-77.2989,26
Hastings,44.7318,-92.8545,26
Mineola,32.6529,-95.4803,26
Gaithersburg,39.1486,-77.1951,26
Kasilof,60.3191,-151.2326,26
Bucks Lake,39.8796,-121.1991,26
Marshall,44.4491,-95.7892,26
New Hope,34.9994,-85.6684,26
Canadian Lakes,43.5806,-85.3034,26
Ambler,67.0809,-157.9056,26
Glen Carbon,38.7582,-89.9831,26
Bunkerville,36.7568,-114.1320,26
Gardnerville Ranchos,38.8957,-119.7492,26
Lee Acres,36.7048,-108.0615,26
Lake Lotawana,38.9038,-94.2584,26
Crawfordsville,40.0411,-86.8977,26
Taylorville,39.5627,-89.3083,26
Mattoon,39.4778,-88.3622,26
Wainwright,70.6489,-159.9459,26
Pinedale,35.6071,-108.4257,26
Shageluk,62.6760,-159.5618,26
June Lake,37.7618,-119.1147,26
Duluth,34.0015,-84.1505,26
Burlington,44.4919,-73.2389,26
Levittown,40.1523,-74.8523,26
Northview,43.0399,-85.6034,26
Fort Lewis,47.0955,-122.5674,26
New Rochelle,40.9232,-73.7793,26
Creve Coeur,38.6620,-90.4430,26
Front Royal,38.9250,-78.1834,26
Tehachapi,35.1430,-118.4460,26
Dedham,42.2469,-71.1795,26
Barling,35.3313,-94.2752,26
Parole,38.9879,-76.5527,26
Evanston,41.2601,-110.9637,26
Roscoe,42.4256,-89.0095,26
Ashton-Sandy Spring,39.1487,-76.9991,26
Cliff,32.9660,-108.6176,26
Homewood Canyon,35.8900,-117.3864,26
Laurens,34.5027,-82.0213,26
Charlottesville,38.0377,-78.4854,26
Lake Magdalene,28.0817,-82.4842,26
Cody,44.5212,-109.0575,26
Long Beach,30.3545,-89.1627,26
Bellefontaine,40.3625,-83.7628,26
Willoughby,41.6453,-81.4144,26
Lake in the Hills,42.1794,-88.3155,26
Park City,37.8084,-97.3253,26
Randallstown,39.3719,-76.8019,26
Elmhurst,41.8970,-87.9437,26
Fort Dix,40.0056,-74.6111,26
Brent,30.4719,-87.2507,26
Levelland,33.5815,-102.3641,26
Alum Creek,38.2890,-81.8386,26
Hauppauge,40.8224,-73.2107,26
Mountainaire,35.0938,-111.6452,26
Big Pine Key,24.6851,-81.3625,26
Golden Valley,44.9902,-93.3587,26
Walnut Grove,38.2506,-121.5350,26
Pierson,29.2416,-81.4566,26
Pickerington,39.8875,-82.7641,26
Avon Park,27.5897,-81.5073,26
Morgantown,39.6375,-79.9469,26
Knightdale,35.7917,-78.4965,26
Lombard,41.8738,-88.0155,26
Ninnekah,34.9640,-97.9447,26
Vance,33.1740,-87.2266,26
New Ulm,44.3121,-94.4689,26
Clarkdale,34.7480,-112.0587,26
Bay City,43.5901,-83.8884,26
Citrus Park,28.0710,-82.5622,26
Fridley,45.0842,-93.2601,26
Lake Stevens,48.0034,-122.0968,26
Beebe,35.0724,-91.9011,26
Clarkrange,36.1857,-85.0096,26
Milford,42.1507,-71.5178,26
Cumberland,39.6517,-78.7579,26
Port Lavaca,28.6180,-96.6283,26
Kwethluk,60.7936,-161.4306,26
Industry,40.6568,-80.4109,26
Preston-Potter Hollow,42.4330,-74.2288,26
Pryor Creek,36.2997,-95.3113,26
Clearlake,38.9600,-122.6332,26
Sycamore,41.9967,-88.6776,26
Tumbling Shoals,35.5471,-91.9675,26
Marshall,39.1151,-93.2025,26
Silver City,32.7786,-108.2694,26
Pine Hills,40.7329,-124.1611,26
Gainesville,38.7932,-77.6422,26
Diamondhead,30.3821,-89.3502,26
Evergreen,37.5500,-92.5958,26
Lake Norman of Iredell,35.5443,-80.9299,26
Geneva,41.8821,-88.3295,26
Washington,38.5519,-91.0155,26
Jacksons' Gap,32.8809,-85.8183,26
North Tonawanda,43.0492,-78.8712,26
Maumee,41.5711,-83.6663,26
Beale AFB,39.1081,-121.3512,26
Danville,39.7588,-86.4953,26
Hampshire,42.1166,-88.5052,26
Hurlburt Field,30.4264,-86.7193,26
Yazoo City,32.8622,-90.4080,26
Glide,43.2919,-123.0736,26
Harbison Canyon,32.8273,-116.8381,26
West Jefferson,39.9494,-83.3084,26
South Lake Tahoe,38.9282,-119.9810,26
Clio,31.7085,-85.6110,26
Cloverly,39.1039,-76.9948,26
SeaTac,47.4434,-122.2983,26
Skokie,42.0360,-87.7400,26
East Glenville,42.8640,-73.9289,26
Clarksville,38.3221,-85.7676,26
Montpelier,44.2664,-72.5715,26
Maize,37.7749,-97.4591,26
Balm,27.7530,-82.2895,26
Kingston Springs,36.0819,-87.1090,26
Oregon City,45.3413,-122.5923,26
Stowell,29.7800,-94.3686,26
Hondo,29.3542,-99.1618,26
Hockessin,39.7839,-75.6807,26
Westminster,33.7523,-117.9939,26
Burien,47.4756,-122.3447,26
Kingsville,39.4519,-76.4303,25
Steep Falls,43.7912,-70.6139,25
Hazel Green,34.9237,-86.5674,25
Kapaa,22.0882,-159.3519,25
Belmont,31.7182,-93.5082,25
Bedford,32.8458,-97.1351,25
Tallapoosa,33.7367,-85.2874,25
Compton,33.8940,-118.2275,25
Mather,38.5484,-121.2838,25
Palatka,29.6501,-81.6719,25
Wellesley,42.3059,-71.2829,25
Montgomery,41.7210,-88.3581,25
Innsbrook,38.7616,-91.0544,25
Wagoner,35.9657,-95.3777,25
Greasy,35.6819,-94.7025,25
Wild Peach Village,29.0810,-95.6373,25
San Andreas,38.1927,-120.6732,25
Little Grass Valley,39.7252,-120.9591,25
Kealakekua,19.5287,-155.9111,25
Los Banos,37.0632,-120.8403,25
Sutcliffe,39.9461,-119.6305,25
Menlo Park,37.4797,-122.1481,25
Air Force Academy,38.9942,-104.8639,25
Union Mill,38.8013,-77.3871,25
Yreka,41.7240,-122.6316,25
Amboy,45.9159,-122.4889,25
Douglas,31.3993,-109.5413,25
Rancho Calaveras,38.1333,-120.8618,25
Reading,42.5352,-71.1054,25
Westchase,28.0565,-82.6083,25
Newport,44.6214,-124.0438,25
Mountain Home AFB,43.0492,-115.8659,25
Davis,38.5561,-121.7378,25
Arlington,48.1704,-122.1446,25
Dickinson,29.4517,-95.0562,25
Hurst,32.8366,-97.1806,25
Franklin,29.7849,-91.5096,25
Abington,42.1160,-70.9568,25
Catawba,34.8396,-80.8999,25
Claiborne,32.5412,-92.1962,25
Dennehotso,36.8290,-109.8757,25
El Dorado,37.8204,-96.8630,25
Farmington,40.9847,-111.9063,25
Des Allemands,29.8154,-90.4705,25
Spring Hill,38.7567,-94.8210,25
Clinton,35.5071,-98.9705,25
Athens,39.3263,-82.1002,25
Zion,42.4599,-87.8511,25
Shallotte,33.9782,-78.3808,25
Raytown,38.9943,-94.4615,25
Tonalea,36.3217,-110.9667,25
Rio Linda,38.6875,-121.4417,25
Glasgow,39.6015,-75.7473,25
Mount Vernon,40.3852,-82.4749,25
Roanoke Rapids,36.4460,-77.6486,25
Humble,29.9882,-95.2644,25
El Mirage,33.5902,-112.3271,25
Cañoncito,35.5352,-105.8389,25
Westphalia,38.8401,-76.8240,25
Massanutten,38.4111,-78.7279,25
Steamboat Springs,40.4756,-106.8229,25
Sturgeon Bay,44.8227,-87.3698,25
Todd Creek,39.9787,-104.8683,25
Cutler Bay,25.5761,-80.3340,25
St. Stephens,31.5711,-88.0528,25
Whitewater,33.9356,-116.6872,25
Lake Kerr,29.3492,-81.7924,25
Wright-Patterson AFB,39.8228,-84.0485,25
New Site,33.0260,-85.7845,25
Sandston,37.5131,-77.3130,25
Brownsville,35.5890,-89.2579,25
Suncrest,47.8285,-117.6030,25
Milford,38.9098,-75.4223,25
South Hill,36.7257,-78.1289,25
Southside,35.7202,-91.6302,25
Lynnfield,42.5341,-71.0383,25
Antimony,38.1030,-111.9823,25
Jasper,35.0683,-85.6212,25
Huron,44.3623,-98.2096,25
Wadsworth,42.4507,-87.9251,25
Frankfort,40.2796,-86.5379,25
Manassas,38.7468,-77.4826,25
Reading,40.3392,-75.9263,25
Bull Valley,42.3235,-88.3609,25
Bastrop,30.1111,-97.3209,25
Addison,41.9308,-88.0090,25
Osage Beach,38.1362,-92.6470,25
East Valley,38.9421,-119.6932,25
Roseville,42.5076,-82.9366,25
Bonham,33.5880,-96.1901,25
Ken Caryl,39.5767,-105.1137,25
Timberline-Fernwood,35.3168,-111.5507,25
Zephyrhills,28.2407,-82.1790,25
Landmark,34.6104,-92.3160,25
Randolph Town,42.1790,-71.0527,25
Farmington,36.0366,-94.2525,25
Pontoon Beach,38.7210,-90.0575,25
Piedmont,33.9276,-85.6153,25
Cairo,30.8792,-84.2055,25
Depauville,44.1424,-76.0452,25
Margaret,33.6729,-86.4639,25
Pleasant Grove,33.4940,-86.9781,25
Hidden Valley Lake,38.8015,-122.5514,25
Sullivan,36.6962,-107.9036,25
Alamo,37.8548,-122.0136,25
Lone Tree,39.5309,-104.8710,25
Daufuskie Island,32.1105,-80.8571,25
La Tierra,35.7473,-106.0309,25
Rushmere,37.0714,-76.6708,25
Sharonville,39.2806,-84.4075,25
Upper Arlington,40.0276,-83.0707,25
Happys Inn,48.0583,-115.1269,25
Manor,30.3542,-97.5583,25
Fannett,29.9263,-94.2433,25
Somersworth,43.2535,-70.8879,25
Interlaken,36.9506,-121.7375,25
Homer,34.3380,-83.4948,25
Winnemucca,40.9644,-117.7246,25
Lemoore,36.2953,-119.7973,25
Altoona,40.5081,-78.4011,25
Merryville,30.7560,-93.5256,25
Bliss,42.5801,-78.2538,25
Wolf Trap,38.9373,-77.2829,25
Lowell,36.2559,-94.1534,25
Wading River,40.9536,-72.8149,25
Warrior,33.8149,-86.8157,25
Cutchogue,41.0212,-72.4870,25
Beatrice,40.2733,-96.7460,25
Buda,30.0745,-97.8512,25
South Charleston,38.3408,-81.7108,25
Wauhillau,35.8610,-94.7595,25
Middle Valley,35.1907,-85.1975,25
Kennesaw,34.0272,-84.6171,25
Bloomingdale,36.5823,-82.5068,25
San Pedro,35.2280,-106.1847,25
Shiloh,33.9482,-80.0189,25
Oakton,38.8894,-77.3022,25
Eldridge,41.6390,-90.5809,25
Red Bay,34.4361,-88.1365,25
Rincon,32.2947,-81.2353,25
Keys,35.8028,-94.9414,25
Brundidge,31.7176,-85.8175,25
Kaufman,32.5772,-96.3137,25
Bluebell,40.3514,-110.2238,25
Lake Los Angeles,34.6098,-117.8303,25
Teresita,36.1230,-94.9804,25
Hillsville,36.7616,-80.7367,25
White Plains,41.0238,-73.7510,25
Queen Valley,33.2830,-111.3050,25
Sachse,32.9690,-96.5795,25
Macedonia,41.3149,-81.5016,25
Riverside,39.7826,-84.1239,25
Smithfield,36.9724,-76.6142,25
Wesley Chapel,35.0058,-80.6934,25
Mahomet,40.1901,-88.3895,25
Simpsonville,34.7285,-82.2564,25
Guerneville,38.5172,-122.9899,25
Norwalk,33.9076,-118.0835,25
Orchidlands Estates,19.5570,-155.0142,25
Mount Zion,33.6426,-85.1810,25
Challenge-Brownsville,39.4646,-121.2632,25
Cornwall,40.2611,-76.4110,25
Malvern,34.3736,-92.8213,25
Citrus Hills,28.8868,-82.4307,25
Wendell,35.7936,-78.3511,25
Oak Hill,37.9748,-81.1571,25
Iuka,34.8074,-88.1969,25
Summerlin South,36.1242,-115.3325,25
Atco,39.7700,-74.8617,25
Mount Orab,39.0293,-83.9266,25
Pinedale,34.3207,-110.2599,25
Newcomb,36.2852,-108.7116,25
Radford,37.1201,-80.5591,25
Morehead,38.1900,-83.4491,25
Herrin,37.7984,-89.0306,25
Opelousas,30.5249,-92.0817,25
Oak Harbor,48.2938,-122.6282,25
Neilton,47.4031,-123.8782,25
Neenah,44.1649,-88.4796,25
Lineville,33.3128,-85.7523,25
Azusa,34.1385,-117.9123,25
Garrison,46.5402,-112.8168,25
Tidmore Bend,34.0332,-85.9264,25
Fort Madison,40.6215,-91.3463,24
Port Orchard,47.5384,-122.6324,24
Wabash,40.8028,-85.8292,24
Clarksburg,39.2229,-77.2661,24
Golden,39.7425,-105.2106,24
Gaffney,35.0736,-81.6615,24
Horse Pasture,36.6322,-79.9523,24
Mascoutah,38.5181,-89.8000,24
Sandusky,41.4559,-82.7144,24
Woodridge,41.7374,-88.0441,24
New Berlin,29.4890,-98.1094,24
Coffeyville,37.0327,-95.6516,24
Nellysford,37.9235,-78.8935,24
Springville,33.7405,-86.4841,24
Midway,30.5027,-84.4606,24
Archer,29.5458,-82.5169,24
Delway,34.8190,-78.2153,24
Brock Hall,38.8559,-76.7424,24
Dawsonville,34.4337,-84.1244,24
Chandler,35.7128,-96.8362,24
Castle Pines,39.4625,-104.8706,24
Parkman,44.9571,-107.3135,24
Christie,35.9760,-94.6469,24
Deemston,40.0273,-80.0334,24
Brinnon,47.6686,-122.9166,24
Porcupine,43.2685,-102.3353,24
Anvik,62.6317,-160.2147,24
Rose Lodge,45.0187,-123.8882,24
Pinhook Corner,35.5331,-94.8917,24
Elizabethton,36.3396,-82.2378,24
Nokesville,38.6930,-77.5764,24
Groveland,37.8320,-120.2416,24
Mount Washington,38.0426,-85.5560,24
Buffalo Grove,42.1660,-87.9618,24
Cubero,35.0905,-107.5261,24
Eureka,40.7976,-124.1542,24
Gantt,34.7826,-82.4030,24
Tamaqua,40.8041,-75.9266,24
Sun Valley,43.6839,-114.3342,24
El Monte,34.0746,-118.0291,24
Fredericksburg,30.2657,-98.8757,24
Selmer,35.1706,-88.5951,24
Laguna,35.0474,-107.4017,24
Union,30.0861,-90.8890,24
Hoquiam,46.9772,-123.9097,24
North Liberty,41.7436,-91.6112,24
Iyanbito,35.5160,-108.4877,24
Thomaston,32.8917,-84.3267,24
Woodlawn,39.3055,-76.7478,24
Saltillo,34.3803,-88.6962,24
Cooke City,45.0187,-109.9119,24
Owings Mills,39.4105,-76.7894,24
Woodfin,35.6465,-82.5866,24
Independence,41.3800,-81.6333,24
St. Augustine,29.8962,-81.3111,24
Erwinville,30.5410,-91.3885,24
Middleton,43.1070,-89.5063,24
Blaine,36.1447,-83.6955,24
Keller,48.0852,-118.7164,24
Fort Shawnee,40.6813,-84.1498,24
Tucumcari,35.1703,-103.7050,24
Aspen Hill,39.0936,-77.0820,24
Bogalusa,30.7749,-89.8619,24
Copake Lake,42.1472,-73.5976,24
DeForest,43.2298,-89.3455,24
Grove,36.5850,-94.7872,24
Ceres,37.5988,-120.9681,24
Beckley,37.7731,-81.1616,24
Mayhill,32.8902,-105.5044,24
Bluefield,37.2352,-81.2747,24
Farmington,37.7825,-90.4273,24
Fort Salonga,40.9114,-73.2956,24
Slocomb,31.1121,-85.5987,24
Arkansas City,37.0742,-97.0385,24
Babb,48.8879,-113.4511,24
Putnam,32.0181,-88.0331,24
Shell Knob,36.5958,-93.5966,24
Dixon,41.8433,-89.4775,24
Munford,35.4429,-89.8159,24
Newark,39.6776,-75.7575,24
Center Ridge,35.3807,-92.5756,24
Makena,20.6240,-156.4286,24
Skagway,59.4645,-135.2757,24
Norway,45.7986,-87.9140,24
Lolo,46.7719,-114.1085,24
Ray,32.8681,-86.0453,24
Adairsville,34.3714,-84.9216,24
Moraga,37.8457,-122.1232,24
Kent,41.1476,-81.3620,24
Vinegar Bend,31.2591,-88.3673,24
Centreville,32.9590,-87.1320,24
Cedar Lake,41.3723,-87.4420,24
La Plant,45.1282,-100.6409,24
Ivins,37.1738,-113.6808,24
Crete,41.4405,-87.6245,24
Converse,29.5125,-98.3046,24
Olive Branch,37.1837,-89.3495,24
Keene,35.2318,-118.6131,24
Huntington,40.8808,-85.5055,24
St. Louis,35.0813,-96.8598,24
Marseilles,41.3182,-88.6762,24
Newark,38.2681,-75.2886,24
Chesterton,41.5998,-87.0550,24
Church Hill,36.5196,-82.7141,24
Coldwater,41.9460,-84.9993,24
West Columbia,33.9901,-81.0994,24
Arcata,40.8623,-124.0750,24
Franklin Lakes,41.0075,-74.2057,24
Delafield,43.0674,-88.3888,24
Orderville,37.2516,-112.6571,24
Callaway,30.1304,-85.5486,24
Franklin,39.5550,-84.2957,24
Nixa,37.0451,-93.2959,24
Warrensburg,38.7624,-93.7253,24
West Pocomoke,38.0965,-75.5792,24
Gloucester Point,37.2703,-76.4974,24
Dock Junction,31.2014,-81.5157,24
Cedar Hill,36.9460,-107.8835,24
Hornsby Bend,30.2399,-97.5902,24
Pittsfield,44.7633,-69.3727,24
Montrose-Ghent,41.1567,-81.6436,24
Lakewood,33.8471,-118.1219,24
Lady Lake,28.9198,-81.9328,24
Dakota Ridge,39.6192,-105.1351,24
Wasco,35.5938,-119.3671,24
Toro Canyon,34.4230,-119.5607,24
Oneida,36.5157,-84.5108,24
Thermal,33.6262,-116.1308,24
Trinidad,37.1732,-104.4903,24
Neshanic Station,40.5283,-74.7354,24
Wheat Ridge,39.7727,-105.1048,24
Coal Creek,39.9047,-105.3721,24
Port St. Joe,29.8176,-85.3091,24
Penitas,26.2583,-98.4386,24
Kihei,20.7661,-156.4352,24
Greensburg,39.3510,-85.5012,24
Gila,32.9413,-108.5705,24
River Bottom,35.6357,-95.2378,24
Keenesburg,40.1552,-104.5634,24
Peavine,35.9003,-94.6066,24
Perry,30.1091,-83.5823,24
Long Lake,43.9675,-74.4269,24
Pine Island,30.0538,-96.0284,24
Stockton,31.0012,-87.8739,24
Pella,41.4047,-92.9174,24
Lloyd Harbor,40.9215,-73.4434,24
Prairie Grove,35.9861,-94.3034,24
Humptulips,47.2377,-123.9596,24
Vineland,46.1793,-93.7812,24
Port St. John,28.4757,-80.8104,24
Glassboro,39.7001,-75.1114,24
Sylvan Springs,33.5302,-87.0312,24
Empire City,34.4776,-98.0594,24
Welcome,35.9066,-80.2548,24
Decatur,33.2259,-97.5870,24
Wickliffe,36.3122,-95.1071,24
Carol Stream,41.9203,-88.1332,24
Mount Olive,33.6693,-86.8755,24
Trona,35.8158,-117.3473,24
Toccoa,34.5821,-83.3272,24
Earlsboro,35.3292,-96.8029,24
Carthage,32.7442,-89.5335,24
St. Joseph,45.5651,-94.3021,24
DeRidder,30.8450,-93.2952,24
Sacaton,33.0775,-111.7629,24
Matteson,41.5089,-87.7460,24
Circle D-KC Estates,30.1605,-97.2398,24
Moraine,39.6975,-84.2427,24
Safford,32.8333,-109.6974,24
Dacono,40.0635,-104.9468,24
Burnside,35.7534,-109.6248,24
Bay City,28.9835,-95.9599,24
Chincoteague,37.9493,-75.3526,23
Aptos Hills-Larkin Valley,36.9635,-121.8352,23
Tarpon Springs,28.1491,-82.7794,23
Essex,39.3014,-76.4444,23
Tonopah,38.0822,-117.2246,23
Winchester,38.0024,-84.1906,23
Lafayette,39.9948,-105.0997,23
Keno,42.1311,-121.9283,23
Tombstone,31.7208,-110.0767,23
Richfield,41.2331,-81.6439,23
Boone,42.0493,-93.8725,23
Arcade,34.0735,-83.5281,23
Mandeville,30.3767,-90.1011,23
Springboro,39.5622,-84.2336,23
Davis,34.4294,-97.1744,23
Brookhaven,39.6062,-79.8829,23
Forest Hills,36.0700,-86.8362,23
Carmel,41.4030,-73.6850,23
Manchester,41.7796,-72.5202,23
Sells,31.9209,-111.8709,23
Tres Arroyos,35.6798,-106.0399,23
Roxborough Park,39.4506,-105.0741,23
Carrollwood,28.0582,-82.5158,23
Adwolf,36.7980,-81.5936,23
Cottonwood Heights,40.6137,-111.8146,23
El Campo,29.2007,-96.2723,23
Red Chute,32.5703,-93.6131,23
Forest Park,33.6205,-84.3582,23
Tuscumbia,34.7185,-87.7026,23
South San Francisco,37.6551,-122.3762,23
Webster City,42.4624,-93.8182,23
Acworth,34.0620,-84.6811,23
Newberry,34.2799,-81.6003,23
Watersmeet,46.2953,-89.2061,23
Winchester,39.1739,-78.1764,23
Center Point,36.8710,-107.9554,23
Fish Springs,38.9536,-119.6511,23
Pleasant Grove,40.3715,-111.7413,23
Mount Carmel,34.0185,-82.5044,23
Genoa,39.0256,-119.8309,23
Bourbonnais,41.1825,-87.8787,23
Tukwila,47.4763,-122.2757,23
Montecito,34.4186,-119.6331,23
Rosaryville,38.7676,-76.8281,23
Kirkwood,38.5794,-90.4209,23
Harts,38.0471,-82.1293,23
Morrisville,35.8364,-78.8390,23
Fire Island,40.6371,-73.2033,23
Martinsville,39.4147,-86.4317,23
Sunizona,31.8855,-109.6332,23
Gonzales,30.2127,-90.9224,23
Barton,35.0653,-106.2569,23
Ferrum,36.9385,-79.9950,23
Ganado,35.6919,-109.5557,23
Monticello,45.2941,-93.7863,23
Altamonte Springs,28.6610,-81.3947,23
Hillsboro,32.4507,-89.4865,23
Wixom,42.5228,-83.5302,23
Lemont,41.6673,-87.9844,23
Penton,33.0098,-85.4748,23
Daviston,33.0568,-85.6343,23
Cedartown,34.0232,-85.2484,23
Pleasanton,28.9640,-98.4960,23
Pearlington,30.2508,-89.6048,23
Ponderosa,35.6555,-106.6545,23
Bath,43.9325,-69.8472,23
Pearl City,21.4026,-157.9569,23
Clinton,38.3712,-93.7681,23
Homa Hills,42.9900,-106.3850,23
Lake Ridge,38.6870,-77.3058,23
Red Feather Lakes,40.8095,-105.5790,23
La Vale,39.6716,-78.8268,23
St. James,33.9444,-78.1003,23
Clarkson,43.2398,-77.9162,23
Rhinelander,45.6343,-89.4299,23
Hutchins,32.6434,-96.7098,23
North Santee,33.5422,-80.4141,23
Farm Loop,61.6351,-149.1552,23
West Hammond,36.6820,-108.0438,23
Waverly,42.7384,-84.6340,23
Viera West,28.2452,-80.7403,23
Minooka,41.4503,-88.2778,23
Keokuk,40.4095,-91.4025,23
Heber Springs,35.4996,-92.0293,23
Hollywood,34.7173,-85.9656,23
La Mesa,32.7695,-117.0219,23
White Oak,32.5300,-94.8539,23
Longmeadow,42.0481,-72.5693,23
Laurel,27.1510,-82.4555,23
Fayetteville,35.1502,-86.5623,23
Union,38.4379,-90.9958,23
Ballwin,38.5947,-90.5500,23
Portola Valley,37.3652,-122.2327,23
Fairfax Station,38.7948,-77.3385,23
Balch Springs,32.7139,-96.6181,23
Charleston,39.4848,-88.1776,23
Nevada,37.8449,-94.3503,23
Lake Mary,28.7591,-81.3328,23
Belle Fourche,44.6638,-103.8591,23
Mendota Heights,44.8789,-93.1339,23
Fountain Valley,33.7106,-117.9511,23
Inglewood,33.9561,-118.3443,23
Archer Lodge,35.6823,-78.3704,23
Los Altos Hills,37.3668,-122.1386,23
Peculiar,38.7308,-94.4686,23
Fitzgerald,31.7130,-83.2522,23
McCall,44.9084,-116.1125,23
Hildale,37.0154,-112.9998,23
Hartford,43.3225,-88.3777,23
Jackson,39.0445,-82.6447,23
Spring Grove,42.4507,-88.2402,23
Hermleigh,32.6408,-100.7505,23
University,28.5895,-81.2001,23
Kingsland,30.6661,-98.4540,23
Warrenton,38.8191,-91.1379,23
Monroe,41.9166,-83.3843,23
Elkton,39.6058,-75.8217,23
Rose,36.2124,-95.0381,23
Monteagle,35.2358,-85.8502,23
Washington Court House,39.5379,-83.4278,23
Malone,46.9842,-123.2966,23
Hope Mills,34.9692,-78.9599,23
Edwardsville,39.0782,-94.8188,23
Borger,35.6594,-101.4024,23
Watertown,43.9733,-75.9100,23
Unionville,35.6118,-86.5739,23
Carrizo,33.9794,-110.3311,23
Cromberg,39.8684,-120.6904,23
St. Stephens,35.7646,-81.2729,23
Windsor Locks,41.9278,-72.6516,23
Woodbridge,38.6406,-77.2551,23
Pampa,35.5479,-100.9650,23
Plano,41.6807,-88.5362,23
Barberton,41.0069,-81.6044,23
Ovando,47.0139,-113.1588,23
Bonadelle Ranchos,36.9688,-119.8928,23
Orangeburg,33.4936,-80.8669,23
Alliance,40.9112,-81.1198,23
Twin Lakes,35.6834,-108.7709,23
Forsyth,33.0394,-83.9344,23
Egypt,34.0759,-86.1651,23
Crest Hill,41.5744,-88.1133,23
Little Round Lake,45.9694,-91.3689,23
East Basin,40.7368,-111.4691,23
Greenwood,32.4315,-93.9599,23
Wynne,35.2352,-90.7885,23
Camp Hill,32.7973,-85.6558,23
Walnut,34.0372,-117.8556,23
Waynesville,35.4857,-82.9991,23
Haslet,32.9665,-97.3378,23
Jekyll Island,31.0637,-81.4187,23
Princeton,37.1065,-87.8849,23
Gates Mills,41.5310,-81.4112,23
Mattituck,41.0073,-72.5435,23
Sunset Hills,38.5312,-90.4093,23
Archdale,35.9047,-79.9598,23
Sweetwater,35.6026,-84.4734,23
Bluefield,37.2628,-81.2113,23
Weed,32.7969,-105.5309,23
Rice Lake,45.4820,-91.7458,23
Checotah,35.4824,-95.5228,23
Hackneyville,33.0547,-85.9344,23
Eldon,35.9401,-94.8092,23
Mount Dora,28.8133,-81.6334,23
Lincolnton,35.4757,-81.2392,23
Loma Linda,34.0433,-117.2466,23
Litchfield,39.1760,-89.6655,23
Why,32.2590,-112.7306,23
Williston,33.4017,-81.4219,23
Bokeelia,26.6814,-82.1416,23
Tuba City,36.1251,-111.2467,23
Oldsmar,28.0484,-82.6713,23
Milan,35.9120,-88.7540,23
Short Pump,37.6566,-77.6200,23
Brady,31.1154,-99.3459,23
Williamsburg,37.2695,-76.7082,23
Snyder,32.7136,-100.9119,23
Blackville,33.3478,-81.2949,23
North Kingsville,41.9254,-80.6757,23
Wendover,40.7240,-114.0251,23
Joshua,32.4591,-97.3838,23
Portage,43.5490,-89.4659,23
Seaside,36.6251,-121.8178,23
Crystal Lake,41.9330,-72.3813,23
Camden,39.9368,-75.1066,23
Dunmore,41.4140,-75.6063,23
Centereach,40.8681,-73.0821,23
Edmonds,47.8136,-122.3533,23
Colorado City,36.9701,-112.9853,23
Laguna Beach,33.5434,-117.7618,23
Starrucca,41.8909,-75.4498,23
Watford City,47.8015,-103.2667,23
Wacousta,42.8169,-84.6910,23
Leesville,31.1411,-93.2842,23
Pittsboro,35.7284,-79.1559,23
Marina,36.6803,-121.7894,23
Glenwood,34.3283,-93.5273,23
Independent Hill,38.6445,-77.4251,23
Mack,39.1492,-84.6795,23
Corralitos,36.9842,-121.7894,23
Dana,35.3206,-82.3611,23
Wimberley,29.9841,-98.0903,23
Jamestown,42.0976,-79.2361,23
Fairview,33.1405,-96.6130,23
Morton,32.3455,-89.6591,23
Port Aransas,27.8224,-97.0862,23
Woodworth,31.1739,-92.5204,23
North Bethesda,39.0368,-77.1203,22
Fredonia,36.9616,-112.5164,22
Marengo,42.2465,-88.5975,22
Yarnell,34.2282,-112.7629,22
Porter,46.9487,-123.2802,22
Justice,36.2908,-95.5636,22
Adel,31.1248,-83.4255,22
Dahlonega,34.5299,-83.9796,22
Ocotillo,32.7431,-116.0019,22
Madison,33.5790,-83.4760,22
Camanche,41.7927,-90.2762,22
Santa Fe Springs,33.9336,-118.0626,22
Richwood,39.7160,-75.1725,22
Clinton,44.6446,-69.4887,22
La Fayette,32.8994,-85.4008,22
Morrilton,35.1555,-92.7389,22
Christiana,35.7193,-86.4129,22
Fort Belvoir,38.7131,-77.1444,22
Crockett,31.3171,-95.4566,22
Santa Teresa,31.8714,-106.6734,22
Sunriver,43.8821,-121.4350,22
Lake Monticello,37.9198,-78.3319,22
Norwalk,41.2446,-82.6089,22
Jenkins,37.1695,-82.6480,22
Kearny,40.7523,-74.1231,22
Whitewater,42.8374,-88.7343,22
Elverta,38.7185,-121.4455,22
Timber Lakes,40.4750,-111.2558,22
Gypsum,39.6202,-106.9564,22
Troutman,35.6858,-80.8675,22
Ellensburg,47.0001,-120.5495,22
Halls,36.0817,-83.9344,22
Marshall,42.2652,-84.9742,22
Lake Tansi,35.8703,-85.0606,22
Salem,32.7586,-84.1936,22
Irwindale,34.1119,-117.9636,22
Appling,33.5710,-82.3101,22
North Eagle Butte,45.0215,-101.2309,22
Dunnellon,29.0596,-82.4254,22
Dripping Springs,30.1959,-98.0937,22
Burlington,39.0223,-84.7216,22
Vonore,35.5972,-84.2345,22
Quilcene,47.8392,-122.9123,22
Carefree,33.8232,-111.9133,22
North Highlands,38.6713,-121.3721,22
Libertyville,42.2847,-87.9665,22
Beaver Dam,43.4754,-88.8279,22
Gluckstadt,32.5268,-90.0982,22
Azle,32.8955,-97.5392,22
Bloomingdale,41.0355,-74.3356,22
Brent,32.9449,-87.1721,22
Glen Allen,37.6659,-77.4843,22
Wintergreen,37.9117,-78.9308,22
Kissee Mills,36.6670,-93.0524,22
Livingston,30.7100,-94.9379,22
Byron,32.6495,-83.7480,22
Castle Valley,38.6321,-109.3960,22
Monett,36.9215,-93.9271,22
Le Mars,42.7815,-96.1733,22
East Highland Park,37.5775,-77.3868,22
Cadiz,40.2566,-80.9926,22
Garden City,41.9371,-111.4122,22
Williamsport,41.2400,-77.0356,22
Wade Hampton,34.8827,-82.3317,22
Lakeland Village,33.6490,-117.3668,22
Winter Park,28.5966,-81.3457,22
York,34.9948,-81.2334,22
Double Spring,38.7788,-119.6154,22
Margate,26.2480,-80.2112,22
Biwabik,47.5403,-92.3422,22
Cold Springs,39.6926,-119.9773,22
West Bishop,37.3628,-118.4750,22
Round Top,42.2607,-74.0313,22
Hillsboro,39.1762,-89.4729,22
Coal Run Village,37.5330,-82.5544,22
Waverly,36.0939,-87.7847,22
Enterprise,37.5716,-113.7430,22
Ishpeming,46.4703,-87.6751,22
Spanaway,47.0981,-122.4234,22
Tehaleh,47.1161,-122.1789,22
Hays,38.8822,-99.3220,22
Emerson,34.1312,-84.7454,22
Fremont,41.3535,-83.1134,22
Highland,36.2694,-91.5198,22
Yankton,42.8898,-97.3927,22
Hubbard Lake,44.8209,-83.5548,22
Orange Lake,41.5364,-74.0982,22
Mabank,32.3719,-96.1096,22
Cerritos,33.8677,-118.0695,22
Auburn,41.3677,-85.0565,22
Bee Cave,30.3077,-97.9626,22
Mokena,41.5299,-87.8777,22
Queen Anne,38.9065,-76.7063,22
Jarales,34.6155,-106.7606,22
Bass Lake,41.2230,-86.5959,22
Horizon City,31.6796,-106.1911,22
East Quogue,40.8459,-72.5754,22
Groveport,39.8573,-82.8914,22
Basye,38.8094,-78.7695,22
Brownsdale,30.8942,-87.2150,22
Northwest Harwinton,41.7764,-73.0795,22
Rancho San Diego,32.7624,-116.9197,22
Nambe,35.8984,-105.9667,22
Ellenville,41.7047,-74.3622,22
Highland,40.4275,-111.7956,22
Dry Creek,35.7388,-94.8733,22
Summit Hill,40.8250,-75.8462,22
Zeb,35.7966,-95.0551,22
Cross Plains,36.5412,-86.6766,22
Florin,38.4832,-121.4043,22
Battle Ground,45.7768,-122.5410,22
Webb City,37.1413,-94.4676,22
Arnold,38.2490,-120.3493,22
Grand Bay,30.4721,-88.3444,22
Holly Lake Ranch,32.7132,-95.1994,22
Guffey,38.7607,-105.5098,22
Wheeling,42.1296,-87.9215,22
Fort Thomas,33.0304,-109.9613,22
Elwood,41.6732,-112.1366,22
Pawtucket,41.8748,-71.3733,22
Riverside,33.6164,-86.2044,22
Pensacola Station,30.3506,-87.3169,22
New Hope,34.5380,-86.4124,22
Cape May Court House,39.0792,-74.8225,22
Locust,35.2694,-80.4356,22
Chalkyitsik,66.6467,-143.7857,22
Niles,41.1878,-80.7531,22
Edgerton,38.7693,-94.9651,22
Monterey,36.6012,-121.8831,22
Hermiston,45.8329,-119.2848,22
Parkland,47.1415,-122.4378,22
Madison,38.7588,-85.3971,22
Buckner,38.3899,-85.4526,22
North Salt Lake,40.8471,-111.9188,22
Jarrettsville,39.6007,-76.4724,22
Nuiqsut,70.2126,-151.0251,22
La Cañada Flintridge,34.2097,-118.2001,22
Ridge Manor,28.4929,-82.1896,22
Berrydale,30.8970,-87.0340,22
Mount Pleasant,40.9622,-91.5472,22
Lenoir City,35.8158,-84.2830,22
Henderson,36.3260,-78.4149,22
Pollock Pines,38.7576,-120.5910,22
McCordsville,39.8973,-85.9174,22
Las Vegas,35.6048,-105.2170,22
Bellemont,35.2425,-111.8138,22
Fountain Inn,34.6966,-82.2021,22
Delta,39.3633,-112.5438,22
Northfield,44.4556,-93.1703,22
Murraysville,34.2916,-77.8423,22
Burke,38.7777,-77.2626,22
New London,32.2694,-94.9298,22
Bohemia,40.7770,-73.1351,22
Hollins,37.3440,-79.9522,22
Fairmont,39.4769,-80.1491,22
Fort Totten,47.9705,-99.0166,22
Ocracoke,35.0732,-75.9985,22
Piedmont,34.7056,-82.4667,22
Port Neches,29.9608,-93.9618,22
Forest City,35.3347,-81.8708,22
Rock Hill,41.6189,-74.5898,22
Johnstonville,40.3802,-120.5861,22
Wekiwa Springs,28.6996,-81.4248,22
Linda,39.1241,-121.5422,22
Mountain Road,36.7516,-78.9883,22
Cluster Springs,36.6045,-78.9231,22
San Carlos,33.3446,-110.4777,22
Washington,40.7064,-89.4335,22
Stonewall,32.2713,-93.8074,22
Rocky Boy's Agency,48.2610,-109.7746,22
Old Westbury,40.7865,-73.5975,22
Sawyer,34.0187,-95.3785,22
Taylor Creek,39.2293,-84.6781,22
Indianola,33.4489,-90.6438,22
Oak Lawn,41.7139,-87.7528,22
Midlothian,37.4844,-77.6496,22
Green Cove Springs,29.9853,-81.6810,22
Lake St. Louis,38.7799,-90.7856,22
Worcester,42.6141,-74.7398,22
Sharon,31.7955,-89.0929,22
Gretna,30.5796,-84.7110,22
Ladue,38.6364,-90.3851,22
Jasper,34.4662,-84.4359,22
Bastrop,32.7749,-91.9078,22
Northwood,41.6101,-83.4827,22
Evergreen,48.2289,-114.2723,22
Perry Park,39.2605,-104.9678,22
Coats Bend,34.0733,-85.8746,22
Fayette,33.6942,-87.8312,22
Zoar,45.0055,-88.8748,22
Cave Springs,36.2741,-94.2236,22
Hudson,42.4349,-92.4513,22
Benjamin,40.0969,-111.7290,22
Bitter Springs,36.6128,-111.6464,22
Powell,36.0359,-84.0297,22
Myers Corner,41.5845,-73.8837,22
Cove Creek,36.2874,-81.7864,22
Hilltop Lakes,31.0636,-96.1905,22
Twin Lakes,42.5156,-88.2504,22
South River,36.7859,-108.0577,22
Fort Campbell North,36.6632,-87.4765,22
Bluffton,40.7435,-85.1721,22
Meadow Valley,39.9323,-121.0831,22
Ocean Shores,46.9654,-124.1472,22
Sylvania,34.5620,-85.8047,22
Lauderhill,26.1616,-80.2251,22
Oakland,41.0310,-74.2405,22
Holladay,40.6599,-111.8227,22
Wedgefield,33.8809,-80.5159,22
Dayton,35.4954,-85.0087,22
Parker,33.0608,-96.6252,22
Hutchinson,44.8854,-94.3769,22
King of Prussia,40.0960,-75.3791,22
Fulton,34.2629,-88.4019,21
Rantoul,40.3026,-88.1549,21
Beaver Dam,36.9070,-113.9362,21
Waveland,30.2954,-89.3937,21
Union,39.9022,-84.3144,21
Clear Lake,46.9284,-122.3050,21
Fresno,29.5375,-95.4687,21
Navasota,30.3869,-96.0898,21
Francisville,39.1067,-84.7277,21
Springs,41.0311,-72.1597,21
Seneca,34.6811,-82.9656,21
Calexico,32.6849,-115.4947,21
Altadena,34.1922,-118.1356,21
Arden Hills,45.0712,-93.1655,21
Rockville,37.1478,-113.0548,21
Rochester,46.8204,-123.0643,21
Mineral Springs,34.9442,-80.6864,21
North Miami,25.9008,-80.1686,21
Aragon,33.8897,-108.5202,21
La Verne,34.1205,-117.7699,21
West Babylon,40.7124,-73.3597,21
Littleton,44.3308,-71.7687,21
Toccopola,34.2553,-89.2213,21
Stallings,35.1103,-80.6601,21
Sussex,43.1349,-88.2260,21
Marathon,24.7323,-81.0251,21
Woodville,30.3151,-84.2688,21
Pontiac,40.8892,-88.6414,21
Briggs,35.9218,-94.8785,21
Tazlina,62.0583,-145.4640,21
Helena Flats,48.2786,-114.2363,21
Baker,30.5832,-91.1582,21
Marietta,39.4232,-81.4464,21
Shannondale,39.2126,-77.8107,21
Little Bitterroot Lake,48.1339,-114.7259,21
Lordsburg,32.3438,-108.7021,21
St. Robert,37.8253,-92.1520,21
Cambria,35.5521,-121.0841,21
Tualatin,45.3769,-122.7747,21
Lyons,32.2049,-82.3212,21
Olivehurst,39.0795,-121.5567,21
Paterson,40.9148,-74.1628,21
Cedarville,35.5840,-94.3619,21
Mauriceville,30.2310,-93.8715,21
Santa Monica,34.0109,-118.4982,21
La Paloma-Lost Creek,27.7195,-97.7392,21
Cherry Valley,42.2352,-88.9751,21
Collinsville,36.3693,-95.8618,21
Bridgeport,43.3708,-83.8820,21
Lockport,43.1695,-78.6958,21
Arlington Heights,48.2119,-122.0630,21
London,39.8928,-83.4389,21
Noyack,40.9787,-72.3460,21
Canton,40.5639,-90.0366,21
Darden,35.6384,-88.2261,21
Erlanger,39.0394,-84.6001,21
Seven Lakes,35.2642,-79.5860,21
St. James,30.0186,-90.8509,21
Edgewood,47.2321,-122.2857,21
Haleyville,34.2338,-87.6176,21
Pea Ridge,36.4467,-94.1208,21
Tremonton,41.7182,-112.1877,21
Dover-Foxcroft,45.2051,-69.2232,21
Fort Johnson North,31.1004,-93.1745,21
Elk Plain,47.0419,-122.3657,21
Carneys Point,39.7053,-75.4680,21
Difficult Run,38.9066,-77.3455,21
San Felipe,29.7946,-96.1059,21
Harvard,42.4296,-88.6211,21
Glens Falls North,43.3348,-73.6838,21
Sam Rayburn,31.0773,-94.0255,21
Brookwood,33.2398,-87.3315,21
Green Valley,38.2638,-122.1625,21
Signal Mountain,35.1439,-85.3415,21
Bodega Bay,38.3275,-123.0299,21
Bon Air,37.5170,-77.5703,21
Ben Lomond,37.0782,-122.0881,21
Mio,44.6623,-84.1460,21
Champion Heights,41.3031,-80.8514,21
Crossville,34.2827,-85.9997,21
Gholson,31.7056,-97.2380,21
Pembroke,32.1470,-81.6168,21
Carrizozo,33.6433,-105.8411,21
Lake Holm,47.3064,-122.1299,21
Elkridge,39.1955,-76.7411,21
Knightsen,37.9624,-121.6486,21
Snake Creek,36.1786,-95.0937,21
Lindon,40.3420,-111.7173,21
Newburyport,42.8121,-70.8866,21
Lake Valley,36.0901,-108.1642,21
Stagecoach,39.3656,-119.3832,21
North Granby,42.0160,-72.8432,21
Lockeford,38.1491,-121.1543,21
University Place,47.2154,-122.5473,21
Hidalgo,26.1089,-98.2462,21
Auburn,42.9338,-76.5672,21
Keshena,44.8668,-88.5853,21
Norris,36.2137,-84.0629,21
Urbana,40.1091,-83.7549,21
Alta,43.7736,-111.0313,21
Montebello,34.0154,-118.1110,21
Conchas Dam,35.3548,-104.1954,21
Pauls Valley,34.7102,-97.2240,21
Commerce,33.2410,-95.8989,21
Alta Sierra,39.1262,-121.0491,21
Malden,36.6010,-89.9975,21
Cadillac,44.2459,-85.4311,21
Mount Olive,33.0785,-86.1330,21
Avon,39.6419,-106.5158,21
East Patchogue,40.7700,-72.9818,21
Lost River,43.6883,-113.6353,21
Halibut Cove,59.5697,-151.2238,21
Pico Rivera,33.9895,-118.0893,21
Greenback,35.6474,-84.1682,21
New Castle,40.9956,-80.3458,21
Wharton,29.3176,-96.1023,21
Wilmington Island,31.9997,-80.9752,21
Huntsville,36.4177,-84.5098,21
South Plainfield,40.5744,-74.4148,21
Salem,42.4992,-70.8982,21
Donna,26.1610,-98.0389,21
Lake Station,41.5767,-87.2529,21
Pecan Grove,29.6236,-95.7319,21
Atlantic,41.3930,-95.0219,21
Oxford,44.1449,-70.5239,21
Maplewood,47.3764,-122.5655,21
Waterloo,38.3412,-90.1527,21
Palmetto Bay,25.6217,-80.3189,21
Cane Beds,36.9342,-112.9118,21
San Luis,35.7009,-107.0431,21
Torreon,34.7242,-106.3008,21
East Ridge,34.9973,-85.2285,21
Five Points,35.0154,-79.3513,21
Antioch,42.4772,-88.0671,21
Riviera Beach,26.7814,-80.0761,21
Santa Fe Foothills,35.6280,-105.8981,21
Huntertown,41.2173,-85.1614,21
Franklin,36.6840,-76.9414,21
Verona,42.9913,-89.5392,21
Boonville,38.9614,-92.7462,21
Traverse City,44.7543,-85.6030,21
Linganore,39.4137,-77.3012,21
Huguley,32.8431,-85.2396,21
Hawthorn Woods,42.2358,-88.0678,21
Kaukauna,44.2772,-88.2643,21
Folsom,39.5967,-74.8432,21
Homewood,33.4586,-86.8097,21
Tallulah Falls,34.7258,-83.3875,21
Childress,34.4355,-100.2824,21
Waterflow,36.7554,-108.4695,21
Burton,32.4248,-80.7406,21
Durham,41.4689,-72.6845,21
Rawlins,41.7851,-107.2247,21
Galax,36.6656,-80.9143,21
Wilmington,44.3869,-73.8172,21
Pass Christian,30.3180,-89.2391,21
Dallas,33.9156,-84.8416,21
Princeton,41.3806,-89.4641,21
Colquitt,31.1732,-84.7324,21
Bolivar,37.6067,-93.4167,21
Atoka,34.3864,-96.1311,21
Greenwood Village,39.6159,-104.9117,21
Española,36.0040,-106.0701,21
Amanda Park,47.4529,-123.9278,21
South Pittsburg,35.0112,-85.7182,21
Middle Island,40.8925,-72.9512,21
Bonney Lake,47.1995,-122.1630,21
Bodfish,35.5734,-118.4864,21
Mexican Hat,37.1743,-109.8836,21
Trenton,41.9139,-111.9358,21
Milmay,39.4390,-74.8683,21
Rotterdam,42.7794,-73.9601,21
Apache Creek,33.8603,-108.6150,21
Centralia,38.5221,-89.1235,21
Shingle Springs,38.6659,-120.9362,21
Batesburg-Leesville,33.9133,-81.5281,21
Black Butte Ranch,44.3642,-121.6686,21
Tipp City,39.9645,-84.1864,21
Rodeo,31.8397,-109.0266,21
Wabasha,44.3711,-92.0457,21
North Warren,41.8831,-79.1664,21
McPherson,38.3699,-97.6645,21
Hollister,36.8556,-121.3995,21
Athol,42.5934,-72.2302,21
Fort Meade,27.7659,-81.8055,21
Palo Cedro,40.5662,-122.2428,21
New Philadelphia,40.4865,-81.4402,21
Smiths Station,32.5229,-85.0994,21
Baxley,31.7648,-82.3493,21
Ammon,43.4750,-111.9596,21
Calio,48.6238,-98.9384,21
Privateer,33.8168,-80.3914,21
Alpena,45.0745,-83.4436,21
Lucky,32.2441,-93.0133,21
Belle Chasse,29.8587,-90.0033,21
Manuelito,35.4387,-108.9946,21
Elkhorn,42.6716,-88.5363,21
Madras,44.6639,-121.1604,21
Perryville,37.7263,-89.8765,21
Sullivan,38.2128,-91.1636,21
Many Farms,36.3429,-109.6376,21
Georgetown,31.9827,-81.2303,21
Champlin,45.1729,-93.3868,21
Meadowbrook,37.4305,-77.4745,21
Vandalia,38.9746,-89.1107,21
Roy,41.1715,-112.0485,21
Vilonia,35.0787,-92.2154,21
Shorewood,41.5175,-88.2152,21
Fajardo,18.3333,-65.6576,21
Bloomfield,38.3221,-122.8345,21
Golden Shores,34.7819,-114.4777,21
Kelso,46.1168,-122.8865,21
Swartz,32.5809,-91.9869,21
Bloomingdale,27.8767,-82.2614,21
Green Grass,45.1566,-101.2870,21
Atka,52.2096,-174.2133,21
Lillington,35.4131,-78.8117,21
Canal Winchester,39.8466,-82.8213,21
Wheatland,39.0312,-121.3900,21
Simpson,31.2646,-93.0161,21
Riverdale,36.6748,-78.8940,21
Harrisburg,40.2759,-76.8850,21
Kitty Hawk,36.0701,-75.7172,21
Nanwalek,59.3138,-151.9141,21
Bolivar,35.2640,-89.0119,21
Centerville,36.7361,-119.4960,21
Union,34.7236,-81.6250,21
Ronkonkoma,40.8035,-73.1245,20
Gamewell,35.8640,-81.5978,20
Coronado,32.6567,-117.1564,20
Upper Grand Lagoon,30.1692,-85.7497,20
Ranson corporation,39.3101,-77.8830,20
Port Huron,42.9938,-82.4337,20
Valley Center,37.8330,-97.3677,20
Hawi,20.2274,-155.8396,20
Medford,42.4238,-71.1092,20
Elliston,46.5587,-112.4638,20
Brookland,35.9006,-90.5782,20
Flat Rock,35.2668,-82.4516,20
Florence,32.1556,-90.1225,20
Westhaven-Moonstone,41.0361,-124.0908,20
Brawley,32.9785,-115.5286,20
Redan,33.7387,-84.1671,20
LaFayette,34.7088,-85.2815,20
Fort Meade,39.1057,-76.7433,20
Gladstone,39.2130,-94.5590,20
St. Pierre,48.2439,-109.8161,20
Canyon,34.9903,-101.9190,20
Kendale Lakes,25.7069,-80.4116,20
South Laurel,39.0615,-76.8462,20
Huntingtown,38.6123,-76.6215,20
Roland,34.9022,-92.5175,20
Pulaski,37.0528,-80.7619,20
Walters,34.3584,-98.3569,20
Cleveland Heights,41.5111,-81.5618,20
Wheatfields,33.4709,-110.8161,20
Middleburg Heights,41.3699,-81.8135,20
Wanaque,41.0424,-74.2886,20
Vernon,40.0956,-112.4458,20
Altamont,42.1978,-121.7248,20
Bagdad,34.5772,-113.1768,20
Oskaloosa,41.2922,-92.6409,20
Lancaster,34.7240,-80.7793,20
Northdale,28.1046,-82.5281,20
Inverness,28.8442,-82.3429,20
Bartonville,40.6420,-89.6598,20
Stillwater,45.0586,-92.8304,20
Pleasant Hill,38.8060,-94.2723,20
Covington,30.4802,-90.1118,20
Fruitland,35.3978,-82.4213,20
Millville,40.5596,-122.1756,20
Newport,34.9963,-81.0807,20
White Bear Lake,45.0652,-93.0129,20
Abingdon,36.7067,-81.9716,20
Little Falls,45.9856,-94.3597,20
Centerville,40.5429,-122.4645,20
Trenton,35.9732,-88.9452,20
Shungnak,66.8851,-157.1746,20
Mora,35.9635,-105.3313,20
Mukwonago,42.8530,-88.3206,20
Otis Orchards-East Farms,47.7049,-117.0851,20
Salamatof,60.6042,-151.3113,20
Cooper City,26.0481,-80.2850,20
Portales,34.1773,-103.3551,20
Del Monte Forest,36.5838,-121.9467,20
West Monroe,32.5123,-92.1511,20
Powder Springs,33.8644,-84.6812,20
Winchester,33.7146,-117.0774,20
East Harwich,41.7086,-70.0318,20
Woodbine,39.2283,-74.8096,20
Ponderosa Pine,34.9709,-106.3396,20
Saltville,36.8759,-81.7629,20
Atchison,39.5626,-95.1366,20
Rockwood,35.8701,-84.6749,20
Manchester,32.8591,-84.6344,20
Sand Point,55.3135,-160.4843,20
Cherry Valley,33.9796,-116.9694,20
Fruita,39.1556,-108.7296,20
Enoch,37.7666,-113.0453,20
Reform,33.3783,-88.0173,20
Adrian,41.8988,-84.0448,20
Perry,41.4645,-112.0405,20
Sparta,43.9382,-90.8127,20
Kahaluu-Keauhou,19.5731,-155.9573,20
Annville,37.3317,-83.9628,20
Coshocton,40.2618,-81.8473,20
Brooklyn Center,45.0680,-93.3178,20
Hendersonville,35.3243,-82.4563,20
Hillsborough,40.5081,-74.6529,20
Sunnyslope,47.5048,-120.3532,20
North Chicago,42.3167,-87.8592,20
Deer Canyon,34.4236,-106.2840,20
Rehobeth,31.1225,-85.4396,20
Phelps,37.5091,-82.1606,20
Greenville,40.1336,-120.9453,20
Geronimo,29.6728,-97.9686,20
Center,31.7931,-94.1803,20
Northford,41.3958,-72.7832,20
Birch Creek,66.2683,-145.8764,20
Northwest Harwich,41.6936,-70.1053,20
La Plata,38.5435,-76.9698,20
Theodore,30.5387,-88.1876,20
Kemmerer,41.7785,-110.5528,20
Louisville,39.9696,-105.1433,20
Oak Brook,41.8364,-87.9532,20
New Brockton,31.3767,-85.9190,20
Highland Springs,37.5517,-77.3279,20
Osceola,41.0350,-93.7866,20
Alamosa,37.4745,-105.8770,20
Corbin,36.9316,-84.1008,20
Raton,36.8850,-104.4396,20
Collins,31.6483,-89.5676,20
Waller,47.2043,-122.3678,20
Westchester,25.7454,-80.3535,20
Anderson Island,47.1499,-122.6817,20
Lane,34.2999,-95.9896,20
Ball,31.4187,-92.4084,20
Alpine,40.4630,-111.7724,20
Paris,38.2002,-84.2727,20
Greenbrier,35.2288,-92.3836,20
Clemson,34.6836,-82.8106,20
Owens Cross Roads,34.5855,-86.4550,20
Sequoyah,36.3797,-95.5968,20
Ozark,35.5019,-93.8484,20
Dortches,36.0117,-77.8571,20
Grannis,34.2402,-94.3220,20
Cana,36.5806,-80.6679,20
Waupaca,44.3500,-89.0700,20
Pilot Point,33.3983,-96.9555,20
Susanville,40.4337,-120.6283,20
Pinehurst,30.1886,-95.7035,20
Anthem,33.8468,-112.1270,20
Lake Wylie,35.0985,-81.0722,20
Peach Springs,35.5314,-113.4320,20
Dora,33.7281,-87.0813,20
Templeton,35.5560,-120.7182,20
Oildale,35.4293,-119.0306,20
Tropic,37.6331,-112.0880,20
Clarita,34.4810,-96.4394,20
Worthington,43.6287,-95.5997,20
Mocksville,35.8997,-80.5611,20
Somerset,41.7385,-71.1651,20
Shongaloo,32.9403,-93.2932,20
Scotland,33.6473,-98.4688,20
Belfonte,35.5429,-94.5512,20
Hunting Valley,41.4844,-81.4128,20
Scenic Oaks,29.7039,-98.6677,20
Vernon,34.1477,-99.3004,20
The Hammocks,25.6704,-80.4489,20
Julian,33.0735,-116.5889,20
Good Hope,34.1107,-86.8671,20
East Gull Lake,46.3970,-94.3638,20
Silver Spring,39.0024,-77.0208,20
Herald,38.2884,-121.2311,20
Shields,43.4229,-84.0741,20
North Vernon,39.0149,-85.6301,20
Washington,35.5647,-77.0478,20
Poplar Grove,42.3511,-88.8438,20
Lake Viking,39.9322,-94.0667,20
Lynnwood,47.8290,-122.3007,20
Garnet,33.9179,-116.4796,20
Holmen,43.9710,-91.2663,20
Wakefield,46.4769,-89.9334,20
Old Bridge,40.3954,-74.3312,20
Tomah,43.9879,-90.5014,20
Aldine,29.9134,-95.3774,20
South Van Horn,64.8097,-147.7878,20
Rumford,44.5448,-70.5602,20
Fox Chapel,40.5260,-79.8889,20
Roxboro,36.3870,-78.9792,20
Sardis City,34.1724,-86.1191,20
Wolfeboro,43.5936,-71.2116,20
Sandy Hollow-Escondidas,27.9282,-97.8015,20
Bridgeport,33.2104,-97.7725,20
Carpentersville,42.1227,-88.2939,20
Valdese,35.7555,-81.5727,20
Bradley,34.0301,-82.2393,20
Collinsville,36.7210,-79.9116,20
Tomahawk,45.4790,-89.7118,20
Carencro,30.3126,-92.0387,20
Goleta,34.4354,-119.8589,20
Cleveland,34.0022,-86.5614,20
Brices Creek,35.0370,-77.0819,20
Annandale,38.8328,-77.1962,20
Timnath,40.5359,-104.9644,20
Springfield,38.7816,-77.1839,20
Oak Hill,36.0684,-86.7931,20
Buxton,35.2533,-75.5383,20
Olancha,36.2698,-118.0013,20
Barnwell,33.2416,-81.3661,20
Dania Beach,26.0572,-80.1646,20
Mosinee,44.7918,-89.6843,20
Wisconsin Dells,43.6384,-89.7758,20
Mono City,38.0321,-119.1474,20
Burtonsville,39.1209,-76.9367,20
Pollock,31.4941,-92.4413,20
Orange City,28.9373,-81.2833,20
Sulligent,33.8912,-88.1266,20
Fox Lake,42.4282,-88.1839,20
Autaugaville,32.4326,-86.6588,20
Pulaski,35.1933,-87.0335,20
Elkhorn City,37.3203,-82.3523,20
Newport,34.7707,-76.8791,20
Galt,38.2685,-121.2990,20
Mulberry,35.5085,-94.0748,20
Skyline-Ganipa,35.0362,-107.6162,20
La Mirada,33.9020,-118.0090,20
Notchietown,35.5854,-95.0895,20
Homosassa,28.7849,-82.6076,20
Centralia,46.7221,-122.9709,20
Cedar Ridge,38.0657,-120.2739,20
Highland City,27.9635,-81.8786,20
Burbank,46.1984,-118.9834,20
Henderson,35.4431,-88.6566,20
Cherry Hill,38.5674,-77.2863,20
South Lakes,61.5876,-149.3155,20
Midway,35.9751,-80.2204,20
Streamwood,42.0206,-88.1778,20
Coto de Caza,33.5970,-117.5865,20
Agua Dulce,31.6549,-106.1369,20
West Peavine,35.9115,-94.6528,20
Agoura Hills,34.1489,-118.7639,20
Atlantic City,42.5012,-108.7329,20
North Auburn,38.9307,-121.0811,20
Bethlehem Village,41.6440,-73.2028,20
Patterson,37.4759,-121.1539,20
Delta,33.4405,-85.6759,20
Lyman,30.5079,-89.1305,20
Oxford,39.5056,-84.7443,20
Rosedale,30.4429,-91.4601,20
Evanston,42.0464,-87.6944,20
Lahaina,20.8860,-156.6662,20
Urbana,39.3258,-77.3415,20
Kailua,21.3968,-157.7358,20
Pickensville,33.2358,-88.2894,20
Spivey's Corner,35.1982,-78.4826,20
Griffith,41.5276,-87.4239,20
Corinth,33.1447,-97.0708,20
Milo,45.2483,-68.9506,20
Connersville,39.6580,-85.1417,20
New Eucha,36.3912,-94.8522,20
Rosita,28.6255,-100.4278,20
Buffalo,45.1795,-93.8640,20
Blue Ridge,32.4989,-86.1824,20
Lake Colorado City,32.3465,-100.9375,20
Buchanan Dam,30.8157,-98.4527,20
Woonsocket,42.0017,-71.4999,20
Iron Horse,39.7805,-120.4823,20
Dobbins,39.3566,-121.2104,20
Wilseyville,38.3765,-120.4868,20
Vernon Hills,42.2344,-87.9611,20
Bemiss,30.9330,-83.2218,20
Chimayo,35.9986,-105.9450,20
Gulf Hills,30.4289,-88.8121,20
Guymon,36.6901,-101.4770,20
Yankeetown,29.0319,-82.7632,20
Arkadelphia,34.1274,-93.0709,20
Seven Oaks,34.0462,-81.1409,20
Burlington,42.6752,-88.2719,20
Pratt,37.6986,-98.7659,20
Mount Pleasant,43.5967,-84.7760,20
